         1     -1.267523407417
         2     -1.267056964092
         3     -1.266710480353
         4     -1.266601679956
         5     -1.265388169363
         6     -1.264118906581
         7     -1.264077939017
         8     -1.264034523384
         9     -1.263954412663
        10     -1.263722802521
        11     -1.263390354433
        12     -1.262832105315
        13     -1.262509106644
        14     -1.262341323412
        15     -1.262068444725
        16     -1.261857386685
        17     -1.261823281604
        18     -1.261589977163
        19     -1.261258434266
        20     -1.260927374924
        21     -1.260827597813
        22     -1.260527875711
        23     -1.260452365035
        24     -1.260287067352
        25     -1.260203090642
        26     -1.259987905050
        27     -1.259768618576
        28     -1.259206542363
        29     -1.259113018341
        30     -1.259055330278
        31     -1.258992125801
        32     -1.258891681340
        33     -1.258698840977
        34     -1.258545298193
        35     -1.258398852101
        36     -1.257900751021
        37     -1.257864201105
        38     -1.257683625962
        39     -1.257644611922
        40     -1.257160352647
        41     -1.256859687572
        42     -1.256644186863
        43     -1.256453345806
        44     -1.256231827996
        45     -1.255820918791
        46     -1.255625464145
        47     -1.255353879906
        48     -1.255195097623
        49     -1.254856085921
        50     -1.254561367942
        51     -1.254393872319
        52     -1.254235303427
        53     -1.254021989197
        54     -1.253967629507
        55     -1.253532714376
        56     -1.253311230476
        57     -1.253286265296
        58     -1.253079426219
        59     -1.253073185433
        60     -1.252753704564
        61     -1.252122151870
        62     -1.251852579807
        63     -1.251428167619
        64     -1.251296474880
        65     -1.251101539454
        66     -1.250904210661
        67     -1.250654830954
        68     -1.250037584666
        69     -1.249149028721
        70     -1.248889111021
        71     -1.248695484498
        72     -1.248521173692
        73     -1.248252833217
        74     -1.247989141327
        75     -1.247891661712
        76     -1.247521777014
        77     -1.247057151500
        78     -1.247039647415
        79     -1.246766072477
        80     -1.246279339286
        81     -1.246182100459
        82     -1.246095350849
        83     -1.245910633057
        84     -1.245109700839
        85     -1.244917632215
        86     -1.244806026258
        87     -1.244446926707
        88     -1.244210377669
        89     -1.244043323897
        90     -1.243863137098
        91     -1.243747672034
        92     -1.243707483825
        93     -1.243456576123
        94     -1.243348856306
        95     -1.243207829915
        96     -1.242847076951
        97     -1.242771033218
        98     -1.242333912253
        99     -1.242197091356
       100     -1.242058948033
       101     -1.241927985822
       102     -1.241710856125
       103     -1.241562202078
       104     -1.241289773168
       105     -1.241165272617
       106     -1.241064478637
       107     -1.240663248350
       108     -1.240345665606
       109     -1.240045780682
       110     -1.239976360003
       111     -1.239668169219
       112     -1.239568056369
       113     -1.239315927428
       114     -1.238890886773
       115     -1.238763628388
       116     -1.238460085631
       117     -1.238362017738
       118     -1.238182398489
       119     -1.237993424299
       120     -1.237545007582
       121     -1.237382754151
       122     -1.237139746763
       123     -1.236782750808
       124     -1.236461731848
       125     -1.236306108185
       126     -1.236125611588
       127     -1.235819627621
       128     -1.235366174843
       129     -1.235230635635
       130     -1.234933013251
       131     -1.234442023752
       132     -1.234185256043
       133     -1.234100725692
       134     -1.233867276703
       135     -1.233544846821
       136     -1.233212592615
       137     -1.232901478698
       138     -1.232716579279
       139     -1.232170806723
       140     -1.231873098520
       141     -1.231596102901
       142     -1.231369220524
       143     -1.230857835027
       144     -1.230573385023
       145     -1.230344706542
       146     -1.229741026642
       147     -1.229687237835
       148     -1.229130319838
       149     -1.228606839546
       150     -1.228550454420
       151     -1.228401669937
       152     -1.228151229197
       153     -1.227652625929
       154     -1.226882198650
       155     -1.226675409940
       156     -1.226388749750
       157     -1.226042848659
       158     -1.225897504045
       159     -1.225593150716
       160     -1.225022885678
       161     -1.224223657189
       162     -1.223917798847
       163     -1.223342593906
       164     -1.223264745104
       165     -1.223049593815
       166     -1.222575870641
       167     -1.222192288175
       168     -1.221812920270
       169     -1.221593816763
       170     -1.220990896407
       171     -1.220461439351
       172     -1.220047828042
       173     -1.219706902675
       174     -1.219115586546
       175     -1.218678840750
       176     -1.218148001029
       177     -1.217964074835
       178     -1.217441806651
       179     -1.216910597399
       180     -1.216755242151
       181     -1.216097553489
       182     -1.215297293716
       183     -1.215155757082
       184     -1.214288987124
       185     -1.214010817256
       186     -1.213629323260
       187     -1.213529656829
       188     -1.213076361327
       189     -1.212964794127
       190     -1.212422810333
       191     -1.211674396207
       192     -1.211494774140
       193     -1.211367354232
       194     -1.210743323849
       195     -1.210593838105
       196     -1.210173095224
       197     -1.209852914984
       198     -1.209757781230
       199     -1.209463766654
       200     -1.209290624695
       201     -1.209168235695
       202     -1.208892579321
       203     -1.208626674718
       204     -1.208308024379
       205     -1.208050850753
       206     -1.207726651262
       207     -1.207649164603
       208     -1.207461948161
       209     -1.207185998622
       210     -1.207152443627
       211     -1.207050319501
       212     -1.206860555345
       213     -1.206506403510
       214     -1.206238698298
       215     -1.206096395498
       216     -1.205839419078
       217     -1.205677469419
       218     -1.205511423030
       219     -1.205377398012
       220     -1.204968496864
       221     -1.204654864781
       222     -1.204434471588
       223     -1.204177365779
       224     -1.203923018742
       225     -1.203711890587
       226     -1.203688409949
       227     -1.203222472618
       228     -1.203118344396
       229     -1.202897629479
       230     -1.202591952202
       231     -1.202244581887
       232     -1.201964517744
       233     -1.201861864396
       234     -1.201562157723
       235     -1.201370155579
       236     -1.200976593022
       237     -1.200690555259
       238     -1.200551740048
       239     -1.200216637722
       240     -1.199770095734
       241     -1.199529094017
       242     -1.199348773572
       243     -1.198928430190
       244     -1.198541628714
       245     -1.198443391918
       246     -1.198381617246
       247     -1.197507265840
       248     -1.197400946164
       249     -1.196721565851
       250     -1.196530343708
       251     -1.196228843768
       252     -1.195957158779
       253     -1.195623494116
       254     -1.195416663197
       255     -1.195007654496
       256     -1.194582761780
       257     -1.194376801406
       258     -1.194139687692
       259     -1.193817776113
       260     -1.193378998235
       261     -1.193303369985
       262     -1.193015664361
       263     -1.192477759246
       264     -1.192177978981
       265     -1.191667775983
       266     -1.191286527978
       267     -1.190873834402
       268     -1.190000498482
       269     -1.189763662155
       270     -1.189263441904
       271     -1.188961008302
       272     -1.188763688160
       273     -1.188638783147
       274     -1.188325821775
       275     -1.188106744822
       276     -1.187590758279
       277     -1.187164546460
       278     -1.186320331278
       279     -1.186193952404
       280     -1.185961307807
       281     -1.185407922903
       282     -1.185270459218
       283     -1.184824050011
       284     -1.184583678096
       285     -1.184058431081
       286     -1.183637366151
       287     -1.183128186990
       288     -1.182786996870
       289     -1.182147954796
       290     -1.181679536299
       291     -1.181220617103
       292     -1.180981366186
       293     -1.180373870572
       294     -1.180042295542
       295     -1.179889765195
       296     -1.179154668015
       297     -1.178679381261
       298     -1.178345057566
       299     -1.178069555034
       300     -1.177625798970
       301     -1.177137919600
       302     -1.176684568844
       303     -1.175972866191
       304     -1.175685209073
       305     -1.175261003262
       306     -1.174944401716
       307     -1.174411339392
       308     -1.173360631275
       309     -1.172739983218
       310     -1.172557726194
       311     -1.172228527220
       312     -1.171654824594
       313     -1.171339174605
       314     -1.171070830163
       315     -1.170818595049
       316     -1.170393761268
       317     -1.169912908091
       318     -1.169563809916
       319     -1.169263017337
       320     -1.168853680699
       321     -1.168343684980
       322     -1.167424153834
       323     -1.167185340948
       324     -1.166458202411
       325     -1.165723697476
       326     -1.165127515622
       327     -1.164884214132
       328     -1.164591795550
       329     -1.164249760588
       330     -1.163747382163
       331     -1.163550933023
       332     -1.162986904819
       333     -1.162761296158
       334     -1.162273103037
       335     -1.162116994460
       336     -1.161928003428
       337     -1.161383975843
       338     -1.161250653625
       339     -1.161028071828
       340     -1.160645120879
       341     -1.160400144054
       342     -1.160274263157
       343     -1.159606536824
       344     -1.159536040678
       345     -1.159071682842
       346     -1.158886622598
       347     -1.158681651492
       348     -1.158301173643
       349     -1.157951901237
       350     -1.157661593356
       351     -1.157323440269
       352     -1.157253693187
       353     -1.156685728088
       354     -1.156548031441
       355     -1.156334221593
       356     -1.156249597401
       357     -1.156025581613
       358     -1.155618886731
       359     -1.155488269828
       360     -1.155308000936
       361     -1.155207288854
       362     -1.155027075726
       363     -1.154931952560
       364     -1.154768833841
       365     -1.154581389623
       366     -1.154257280570
       367     -1.154058606943
       368     -1.153863171028
       369     -1.153610418815
       370     -1.153188635527
       371     -1.152945596969
       372     -1.152687351709
       373     -1.152468353766
       374     -1.152419208007
       375     -1.152203472854
       376     -1.152057238398
       377     -1.151690568360
       378     -1.151179768280
       379     -1.151014841284
       380     -1.150707817585
       381     -1.150294045195
       382     -1.150113595470
       383     -1.149789705450
       384     -1.149468880906
       385     -1.149237558081
       386     -1.148998011012
       387     -1.148886115877
       388     -1.148407976883
       389     -1.148280689556
       390     -1.147654550501
       391     -1.147523643771
       392     -1.147034881465
       393     -1.146785489455
       394     -1.146620135154
       395     -1.146152767205
       396     -1.145954302773
       397     -1.145712275426
       398     -1.145346171181
       399     -1.145029488058
       400     -1.144893779447
       401     -1.144582045772
       402     -1.143991781077
       403     -1.143902761797
       404     -1.143561333658
       405     -1.143086334040
       406     -1.142936233523
       407     -1.142657457075
       408     -1.142504918751
       409     -1.142378478522
       410     -1.141980398329
       411     -1.141891703342
       412     -1.141262883708
       413     -1.141069552008
       414     -1.140376821196
       415     -1.139690717045
       416     -1.139231826907
       417     -1.138998448654
       418     -1.138400072041
       419     -1.138162854347
       420     -1.137781704201
       421     -1.137623632525
       422     -1.137276650152
       423     -1.136682564914
       424     -1.136650947630
       425     -1.136484038474
       426     -1.136356052833
       427     -1.135893231446
       428     -1.135416169418
       429     -1.134838542958
       430     -1.134688361972
       431     -1.134437551930
       432     -1.133919593421
       433     -1.133545779993
       434     -1.133208332732
       435     -1.132935318050
       436     -1.132558589817
       437     -1.132099922297
       438     -1.131310427872
       439     -1.131213201923
       440     -1.130871126415
       441     -1.130679415788
       442     -1.129796883426
       443     -1.129478575791
       444     -1.128891812351
       445     -1.128769123279
       446     -1.128550209824
       447     -1.128420947274
       448     -1.128028980098
       449     -1.127353287351
       450     -1.126813556940
       451     -1.126661257373
       452     -1.125901597141
       453     -1.125676807335
       454     -1.125541402350
       455     -1.125083962038
       456     -1.124868228689
       457     -1.124608008889
       458     -1.124382799651
       459     -1.123986097318
       460     -1.123840321881
       461     -1.123066190680
       462     -1.122454772926
       463     -1.121873877273
       464     -1.121770187857
       465     -1.121341751185
       466     -1.121198909544
       467     -1.120802574714
       468     -1.120623148838
       469     -1.120173383631
       470     -1.119291356666
       471     -1.118751185499
       472     -1.117894433226
       473     -1.117340211160
       474     -1.117155290129
       475     -1.117077727269
       476     -1.116574008656
       477     -1.116243403091
       478     -1.115937388746
       479     -1.115643016401
       480     -1.115124941058
       481     -1.114724870499
       482     -1.114468988572
       483     -1.114150680770
       484     -1.113968704400
       485     -1.113586714304
       486     -1.113358407633
       487     -1.112988326644
       488     -1.112620256720
       489     -1.112508943886
       490     -1.111837967029
       491     -1.111374621092
       492     -1.110930122853
       493     -1.110082586258
       494     -1.109858031821
       495     -1.109035939988
       496     -1.108560937916
       497     -1.108345562539
       498     -1.108163694521
       499     -1.107762124968
       500     -1.107656951723
       501     -1.107239541279
       502     -1.107067454432
       503     -1.106888131527
       504     -1.106341275178
       505     -1.106083264768
       506     -1.105870050134
       507     -1.105747599680
       508     -1.105488807859
       509     -1.105340431949
       510     -1.105168792920
       511     -1.104756744428
       512     -1.104491777890
       513     -1.104305024797
       514     -1.104087767892
       515     -1.103597702324
       516     -1.103314696947
       517     -1.103178745119
       518     -1.102565807611
       519     -1.102357269380
       520     -1.102309479840
       521     -1.102207491824
       522     -1.101677657603
       523     -1.101464314212
       524     -1.101187912046
       525     -1.100977894676
       526     -1.100519907669
       527     -1.100393345266
       528     -1.100289669433
       529     -1.099743190653
       530     -1.099510165301
       531     -1.099431488311
       532     -1.099197588336
       533     -1.098849487895
       534     -1.098490358623
       535     -1.098130984790
       536     -1.098006520491
       537     -1.097581276817
       538     -1.097398169173
       539     -1.097181486748
       540     -1.096305295172
       541     -1.096221610562
       542     -1.095984908698
       543     -1.095807390856
       544     -1.095266207888
       545     -1.094947259325
       546     -1.094593330593
       547     -1.094315247611
       548     -1.093348340975
       549     -1.093101555216
       550     -1.092880989722
       551     -1.092359749624
       552     -1.092274044047
       553     -1.091439010360
       554     -1.090969591782
       555     -1.090592476294
       556     -1.090387436122
       557     -1.089743341795
       558     -1.089530849650
       559     -1.089502561940
       560     -1.089135338866
       561     -1.088572614999
       562     -1.088130016529
       563     -1.087837134989
       564     -1.087290221210
       565     -1.086835865189
       566     -1.086436131621
       567     -1.086342877039
       568     -1.085877191429
       569     -1.085441609314
       570     -1.085266545392
       571     -1.084668589107
       572     -1.084322079179
       573     -1.083553485270
       574     -1.083123603335
       575     -1.082991457115
       576     -1.082798275226
       577     -1.081953471012
       578     -1.081386688464
       579     -1.080626836790
       580     -1.080089368200
       581     -1.077826303871
       582     -1.076726147943
       583     -1.075539533068
       584     -1.074943399871
       585     -1.073460024989
       586     -1.072855900358
       587     -1.070702150019
       588     -1.069545300918
       589     -1.069129740909
       590     -1.068802011283
       591     -1.068182700417
       592     -1.067893750804
       593     -1.067779845671
       594     -1.067552693432
       595     -1.067430622273
       596     -1.067223645066
       597     -1.066931406116
       598     -1.066561971870
       599     -1.066257626766
       600     -1.065695665954
       601     -1.065642179781
       602     -1.065280461059
       603     -1.065077025822
       604     -1.064925029020
       605     -1.064631744481
       606     -1.064492619487
       607     -1.064007901709
       608     -1.063902552444
       609     -1.063714777152
       610     -1.063557715639
       611     -1.063349527828
       612     -1.062963489378
       613     -1.062794773517
       614     -1.062433403354
       615     -1.061996032790
       616     -1.061457934544
       617     -1.061063519742
       618     -1.060399471199
       619     -1.059860384107
       620     -1.059724910802
       621     -1.059482186487
       622     -1.058726503853
       623     -1.058366139628
       624     -1.058015572763
       625     -1.057819286398
       626     -1.057586984463
       627     -1.057387913693
       628     -1.057021393658
       629     -1.056787638822
       630     -1.056605771971
       631     -1.056492480620
       632     -1.055872243627
       633     -1.055370274732
       634     -1.055208946844
       635     -1.054771215863
       636     -1.054330739716
       637     -1.053453327616
       638     -1.052249238217
       639     -1.051466418435
       640     -1.051330866827
       641     -1.051282664345
       642     -1.050940594303
       643     -1.050620832357
       644     -1.050104285722
       645     -1.049861699209
       646     -1.049731245468
       647     -1.049531130009
       648     -1.049479548535
       649     -1.049231444612
       650     -1.049052748116
       651     -1.048919731731
       652     -1.048694848326
       653     -1.048261058665
       654     -1.047991560072
       655     -1.047788536170
       656     -1.047583065728
       657     -1.046955737573
       658     -1.046792680273
       659     -1.046646402314
       660     -1.046384385055
       661     -1.046321136969
       662     -1.046147760861
       663     -1.045902395017
       664     -1.045415872638
       665     -1.045270394826
       666     -1.044918549663
       667     -1.044551578939
       668     -1.044433389415
       669     -1.044245394175
       670     -1.043980147956
       671     -1.043483809551
       672     -1.043042401876
       673     -1.042819178437
       674     -1.042742683890
       675     -1.042133977059
       676     -1.041904564651
       677     -1.041831554756
       678     -1.041448933452
       679     -1.041078808780
       680     -1.040691967317
       681     -1.040286256313
       682     -1.040152734556
       683     -1.039959335426
       684     -1.039783506803
       685     -1.039425873344
       686     -1.039214317401
       687     -1.039138248369
       688     -1.038648041368
       689     -1.038544554200
       690     -1.038341138693
       691     -1.038202747905
       692     -1.037912507622
       693     -1.037554237144
       694     -1.037091438027
       695     -1.036936880681
       696     -1.036820205202
       697     -1.036643296346
       698     -1.036213315188
       699     -1.036132945001
       700     -1.035797019191
       701     -1.035378622879
       702     -1.034818151265
       703     -1.034497354280
       704     -1.033903242400
       705     -1.033245703246
       706     -1.031512780127
       707     -1.031418678651
       708     -1.031107086769
       709     -1.030702932397
       710     -1.030055466959
       711     -1.029666522009
       712     -1.029384792643
       713     -1.029046326992
       714     -1.028686725821
       715     -1.028462782806
       716     -1.027823348520
       717     -1.027475723220
       718     -1.026913189890
       719     -1.026518446918
       720     -1.026038575544
       721     -1.025821097518
       722     -1.025358926835
       723     -1.025044285078
       724     -1.024112187107
       725     -1.022780914382
       726     -1.022334248024
       727     -1.021972006419
       728     -1.021248957449
       729     -1.020946457184
       730     -1.019913480739
       731     -1.019312348064
       732     -1.019196222395
       733     -1.018588960805
       734     -1.018370978835
       735     -1.018068672479
       736     -1.017768676584
       737     -1.017247942875
       738     -1.016223719278
       739     -1.015905471083
       740     -1.015866749319
       741     -1.015513429016
       742     -1.015223856661
       743     -1.014406665671
       744     -1.013932972472
       745     -1.013298537490
       746     -1.012930219309
       747     -1.012636169700
       748     -1.010696191932
       749     -1.009872408136
       750     -1.009456525590
       751     -1.009176397390
       752     -1.008969051125
       753     -1.008645534091
       754     -1.008245453623
       755     -1.008106064049
       756     -1.007548361845
       757     -1.007080011370
       758     -1.006677627126
       759     -1.006459528150
       760     -1.005813548212
       761     -1.005459786993
       762     -1.004919268389
       763     -1.004694713186
       764     -1.004415440415
       765     -1.003715596534
       766     -1.003017435891
       767     -1.002628456186
       768     -1.002077471415
       769     -1.001833572360
       770     -1.001580680252
       771     -1.001443411118
       772     -1.001364904002
       773     -1.001287905553
       774     -1.000980154775
       775     -1.000845560218
       776     -1.000513254960
       777     -1.000243890717
       778     -1.000044774590
       779     -0.999706949203
       780     -0.999534154152
       781     -0.999464668539
       782     -0.999144897255
       783     -0.998874223698
       784     -0.998615816324
       785     -0.998431147100
       786     -0.998398509426
       787     -0.998225986569
       788     -0.998070646023
       789     -0.997802241063
       790     -0.997463775494
       791     -0.997378421967
       792     -0.997244430740
       793     -0.996822532352
       794     -0.996779562027
       795     -0.996632010342
       796     -0.996550497362
       797     -0.996307261497
       798     -0.996268567704
       799     -0.995976054807
       800     -0.995707835692
       801     -0.995359064295
       802     -0.995327592513
       803     -0.995216548175
       804     -0.994760610537
       805     -0.994631120686
       806     -0.994450066908
       807     -0.994386209308
       808     -0.993862970922
       809     -0.993695293511
       810     -0.993595499859
       811     -0.993304446898
       812     -0.993199731337
       813     -0.992979603518
       814     -0.992671357348
       815     -0.992623461603
       816     -0.992426290422
       817     -0.992152027429
       818     -0.991875083331
       819     -0.991789235929
       820     -0.991505895948
       821     -0.991408868705
       822     -0.991197940635
       823     -0.991080684095
       824     -0.990816086239
       825     -0.990508031387
       826     -0.990356873014
       827     -0.990067570024
       828     -0.989855130589
       829     -0.989543608685
       830     -0.989375708963
       831     -0.989220261898
       832     -0.989079282130
       833     -0.988937277892
       834     -0.988770029219
       835     -0.988672709313
       836     -0.988433331049
       837     -0.988090754354
       838     -0.988016958463
       839     -0.987642085783
       840     -0.987573609824
       841     -0.987401047639
       842     -0.987224802392
       843     -0.987012514116
       844     -0.986686665656
       845     -0.986418407149
       846     -0.986197067783
       847     -0.985689297798
       848     -0.985459482693
       849     -0.985291065387
       850     -0.985142619105
       851     -0.984590117191
       852     -0.984186349383
       853     -0.984088220817
       854     -0.983728708978
       855     -0.983503237375
       856     -0.983074342109
       857     -0.982808769837
       858     -0.982263681080
       859     -0.981597309155
       860     -0.981491972602
       861     -0.981092976115
       862     -0.980623773347
       863     -0.979777165865
       864     -0.979450738344
       865     -0.979085903107
       866     -0.978495006081
       867     -0.978154213831
       868     -0.977789361859
       869     -0.976789780054
       870     -0.973831066254
       871     -0.973210317380
       872     -0.972432098593
       873     -0.972061318108
       874     -0.971838993093
       875     -0.971164886349
       876     -0.970067672674
       877     -0.969434278475
       878     -0.968828975408
       879     -0.968611544919
       880     -0.968302486978
       881     -0.967783417446
       882     -0.967236884391
       883     -0.966556925704
       884     -0.964083163225
       885     -0.963073187240
       886     -0.961095176237
       887     -0.960514364227
       888     -0.960429712236
       889     -0.959955007121
       890     -0.959617185621
       891     -0.958681478462
       892     -0.958241272442
       893     -0.957665030780
       894     -0.957289394783
       895     -0.957013278348
       896     -0.956426411645
       897     -0.955790411407
       898     -0.954071178470
       899     -0.953209452521
       900     -0.950320986593
       901     -0.949560914479
       902     -0.949202557549
       903     -0.948847900905
       904     -0.948487807547
       905     -0.948149027777
       906     -0.947147512407
       907     -0.946930393740
       908     -0.945973714753
       909     -0.945878737596
       910     -0.945267905848
       911     -0.944924936132
       912     -0.943813528406
       913     -0.943078876079
       914     -0.940609722993
       915     -0.939916425312
       916     -0.939385595410
       917     -0.938941673835
       918     -0.938830831430
       919     -0.938581642563
       920     -0.938481966509
       921     -0.938165730669
       922     -0.937693162293
       923     -0.937224131883
       924     -0.937034686568
       925     -0.936822645350
       926     -0.936332064496
       927     -0.936099587942
       928     -0.935667998958
       929     -0.935348847623
       930     -0.935029492692
       931     -0.934660750061
       932     -0.934372156466
       933     -0.934166313365
       934     -0.933722139709
       935     -0.933662312898
       936     -0.932936368884
       937     -0.932194680548
       938     -0.931659730834
       939     -0.931539185163
       940     -0.930734337780
       941     -0.930423731291
       942     -0.930319786293
       943     -0.929966629830
       944     -0.929293017193
       945     -0.928617312129
       946     -0.926376182424
       947     -0.926149175956
       948     -0.925852233139
       949     -0.925097818645
       950     -0.924855417692
       951     -0.924516052850
       952     -0.924151025864
       953     -0.924017389796
       954     -0.923722779402
       955     -0.923565111268
       956     -0.923460584919
       957     -0.923174597131
       958     -0.922690114527
       959     -0.922165651210
       960     -0.921859929549
       961     -0.921663592855
       962     -0.921409270735
       963     -0.921141863994
       964     -0.919639247497
       965     -0.919402035049
       966     -0.918748486806
       967     -0.918382339947
       968     -0.917960933013
       969     -0.917228127466
       970     -0.916700943921
       971     -0.916245011968
       972     -0.915992461498
       973     -0.915494777470
       974     -0.915072306036
       975     -0.914627453890
       976     -0.914292395146
       977     -0.914218257393
       978     -0.913880276869
       979     -0.913472336462
       980     -0.913253728536
       981     -0.912912765937
       982     -0.912851454339
       983     -0.912396002071
       984     -0.912297866175
       985     -0.912151161163
       986     -0.912025283720
       987     -0.911773506529
       988     -0.911607519598
       989     -0.911150302964
       990     -0.910863850649
       991     -0.910636068483
       992     -0.910483764774
       993     -0.910442689490
       994     -0.910153293548
       995     -0.910043309773
       996     -0.909729535432
       997     -0.909632279220
       998     -0.909522006495
       999     -0.909481167534
      1000     -0.909436110049
      1001     -0.909137146506
      1002     -0.908980637752
      1003     -0.908781636680
      1004     -0.908697584784
      1005     -0.908596107793
      1006     -0.908364058576
      1007     -0.908277864868
      1008     -0.908105808562
      1009     -0.908041163345
      1010     -0.907947973224
      1011     -0.907788717075
      1012     -0.907555339919
      1013     -0.907474478400
      1014     -0.907248692270
      1015     -0.907197903673
      1016     -0.906967869394
      1017     -0.906914781590
      1018     -0.906717153928
      1019     -0.906556707965
      1020     -0.906487405609
      1021     -0.906301133290
      1022     -0.906158216891
      1023     -0.906000538363
      1024     -0.905713377669
      1025     -0.905590159281
      1026     -0.905313408923
      1027     -0.905161692937
      1028     -0.904990419837
      1029     -0.904809578045
      1030     -0.904408259498
      1031     -0.904260483405
      1032     -0.904155866459
      1033     -0.904016878666
      1034     -0.903627695309
      1035     -0.903477926071
      1036     -0.903186887792
      1037     -0.902988257480
      1038     -0.902865047791
      1039     -0.902529188091
      1040     -0.902463506775
      1041     -0.902380155152
      1042     -0.902137634094
      1043     -0.901959921431
      1044     -0.901719439843
      1045     -0.901303706712
      1046     -0.900947990255
      1047     -0.900728270747
      1048     -0.900649321597
      1049     -0.900573195369
      1050     -0.900168861386
      1051     -0.899912509729
      1052     -0.899582943525
      1053     -0.899257643920
      1054     -0.898818277143
      1055     -0.898753124315
      1056     -0.898700712765
      1057     -0.898553883891
      1058     -0.898074329916
      1059     -0.897883028278
      1060     -0.897559583711
      1061     -0.897315885487
      1062     -0.897178974302
      1063     -0.896986151437
      1064     -0.896678876303
      1065     -0.896420699645
      1066     -0.896257574664
      1067     -0.896036146625
      1068     -0.895715366457
      1069     -0.895475364243
      1070     -0.895308320977
      1071     -0.895012575613
      1072     -0.894727519945
      1073     -0.894589352310
      1074     -0.894154195866
      1075     -0.893940386002
      1076     -0.893481026937
      1077     -0.893065039690
      1078     -0.891982560821
      1079     -0.891646306300
      1080     -0.890333991776
      1081     -0.889879768086
      1082     -0.889684960771
      1083     -0.889385554849
      1084     -0.889196674270
      1085     -0.888610948933
      1086     -0.888399537357
      1087     -0.888053434450
      1088     -0.887970696321
      1089     -0.887664034520
      1090     -0.887405005491
      1091     -0.887246757538
      1092     -0.887027035780
      1093     -0.886713568751
      1094     -0.886339433375
      1095     -0.886126609052
      1096     -0.885865886077
      1097     -0.884844273440
      1098     -0.884683279496
      1099     -0.884311318416
      1100     -0.884081102993
      1101     -0.883658535285
      1102     -0.883286791106
      1103     -0.882605523491
      1104     -0.882321780629
      1105     -0.882208566855
      1106     -0.881112536783
      1107     -0.880778125917
      1108     -0.880686512487
      1109     -0.880269480670
      1110     -0.879787224220
      1111     -0.879506215110
      1112     -0.879388710630
      1113     -0.879042251933
      1114     -0.878918972895
      1115     -0.878802257722
      1116     -0.878428932652
      1117     -0.878106621029
      1118     -0.877727314050
      1119     -0.877509850460
      1120     -0.877254249148
      1121     -0.876868055494
      1122     -0.876478747012
      1123     -0.876013902349
      1124     -0.875944507554
      1125     -0.875643158829
      1126     -0.875502209473
      1127     -0.875333903682
      1128     -0.875259092322
      1129     -0.875109373043
      1130     -0.874658814124
      1131     -0.874209343429
      1132     -0.873714070226
      1133     -0.873536188251
      1134     -0.873179841567
      1135     -0.873129864598
      1136     -0.872724295489
      1137     -0.872443849284
      1138     -0.872128787959
      1139     -0.871880379552
      1140     -0.871484120070
      1141     -0.871181760332
      1142     -0.870949007934
      1143     -0.870845428697
      1144     -0.870128340025
      1145     -0.869954108537
      1146     -0.869745084518
      1147     -0.869412819376
      1148     -0.869131231377
      1149     -0.868830564014
      1150     -0.868674032503
      1151     -0.867283523728
      1152     -0.866934961240
      1153     -0.866611846193
      1154     -0.866501153259
      1155     -0.865857881999
      1156     -0.865567132202
      1157     -0.865492062060
      1158     -0.865242211903
      1159     -0.864550502370
      1160     -0.864221987449
      1161     -0.864059011397
      1162     -0.863829189162
      1163     -0.863338915549
      1164     -0.862946963872
      1165     -0.862676896347
      1166     -0.862438793104
      1167     -0.862039326061
      1168     -0.861649782467
      1169     -0.861515413997
      1170     -0.860968437284
      1171     -0.860475254817
      1172     -0.860288638231
      1173     -0.860151502089
      1174     -0.859944786347
      1175     -0.859486473245
      1176     -0.858864665418
      1177     -0.858754345975
      1178     -0.858440746054
      1179     -0.858201696233
      1180     -0.857897447251
      1181     -0.857585172282
      1182     -0.857393316816
      1183     -0.856954630269
      1184     -0.856092838151
      1185     -0.855805020104
      1186     -0.855625848450
      1187     -0.855307715739
      1188     -0.854886898224
      1189     -0.854296843747
      1190     -0.853933668065
      1191     -0.853561477473
      1192     -0.853288834685
      1193     -0.852627334031
      1194     -0.852417923891
      1195     -0.852304923400
      1196     -0.851926735017
      1197     -0.851698208853
      1198     -0.851464655729
      1199     -0.851390738014
      1200     -0.851023633541
      1201     -0.850795049945
      1202     -0.850704727567
      1203     -0.850301683239
      1204     -0.850168941654
      1205     -0.850109454816
      1206     -0.849983680714
      1207     -0.849761535811
      1208     -0.849545856720
      1209     -0.849354035103
      1210     -0.849267447605
      1211     -0.849127968312
      1212     -0.848956433181
      1213     -0.848749086299
      1214     -0.848617101200
      1215     -0.848472439580
      1216     -0.848341013945
      1217     -0.848126667540
      1218     -0.847938787615
      1219     -0.847753130948
      1220     -0.847582122230
      1221     -0.847437696459
      1222     -0.847106547946
      1223     -0.846936245460
      1224     -0.846816075316
      1225     -0.846690312944
      1226     -0.846439375779
      1227     -0.846414315650
      1228     -0.846188094653
      1229     -0.846108347409
      1230     -0.846013879459
      1231     -0.845730472181
      1232     -0.845618618681
      1233     -0.845452876959
      1234     -0.845400643621
      1235     -0.845039373848
      1236     -0.844991313744
      1237     -0.844928257361
      1238     -0.844599859011
      1239     -0.844519747434
      1240     -0.844213733382
      1241     -0.844190115781
      1242     -0.844084861001
      1243     -0.843794051018
      1244     -0.843647739011
      1245     -0.843522021108
      1246     -0.843250555332
      1247     -0.843176570296
      1248     -0.843013451393
      1249     -0.842879330789
      1250     -0.842795236305
      1251     -0.842633964838
      1252     -0.842533881701
      1253     -0.842346478879
      1254     -0.842133187270
      1255     -0.841955191406
      1256     -0.841873636397
      1257     -0.841750210335
      1258     -0.841499818803
      1259     -0.841435489126
      1260     -0.841372561293
      1261     -0.841329947112
      1262     -0.841139446082
      1263     -0.841013628175
      1264     -0.840893325525
      1265     -0.840730297083
      1266     -0.840617360084
      1267     -0.840546453862
      1268     -0.840334675772
      1269     -0.840269041043
      1270     -0.840221801966
      1271     -0.840066267122
      1272     -0.839751718397
      1273     -0.839678528317
      1274     -0.839648370014
      1275     -0.839535974136
      1276     -0.839470318771
      1277     -0.839272655005
      1278     -0.839226659433
      1279     -0.839191509845
      1280     -0.839042357270
      1281     -0.838974015443
      1282     -0.838756341417
      1283     -0.838534533250
      1284     -0.838350871456
      1285     -0.838255247671
      1286     -0.838114369635
      1287     -0.838058008619
      1288     -0.837898294634
      1289     -0.837858157898
      1290     -0.837712368792
      1291     -0.837626271797
      1292     -0.837360263627
      1293     -0.837255561613
      1294     -0.837131360198
      1295     -0.837057113185
      1296     -0.836918020782
      1297     -0.836791363609
      1298     -0.836714106506
      1299     -0.836531607578
      1300     -0.836448052342
      1301     -0.836334382691
      1302     -0.836248986914
      1303     -0.835988375306
      1304     -0.835786517760
      1305     -0.835737952648
      1306     -0.835571590344
      1307     -0.835505899351
      1308     -0.835398211118
      1309     -0.835229808764
      1310     -0.835154678809
      1311     -0.835003440449
      1312     -0.834870707893
      1313     -0.834831876333
      1314     -0.834685218865
      1315     -0.834603571494
      1316     -0.834308916886
      1317     -0.834199307569
      1318     -0.834122956035
      1319     -0.833975530843
      1320     -0.833868583987
      1321     -0.833780760757
      1322     -0.833663573695
      1323     -0.833530862478
      1324     -0.833408963009
      1325     -0.833336643871
      1326     -0.833144289636
      1327     -0.832940319105
      1328     -0.832762504318
      1329     -0.832653844191
      1330     -0.832614391129
      1331     -0.832538423766
      1332     -0.832364943164
      1333     -0.832145842750
      1334     -0.831950984114
      1335     -0.831925181247
      1336     -0.831732307515
      1337     -0.831602926828
      1338     -0.831573687785
      1339     -0.831458981162
      1340     -0.831190929697
      1341     -0.831129252351
      1342     -0.831068045201
      1343     -0.830935684846
      1344     -0.830748486231
      1345     -0.830702651202
      1346     -0.830532315537
      1347     -0.830386322774
      1348     -0.830168199751
      1349     -0.830111343194
      1350     -0.829888891393
      1351     -0.829817783713
      1352     -0.829709978573
      1353     -0.829611371842
      1354     -0.829510162490
      1355     -0.829281436507
      1356     -0.829056827607
      1357     -0.828923683960
      1358     -0.828744100177
      1359     -0.828597114725
      1360     -0.828500617266
      1361     -0.828188432134
      1362     -0.827902998013
      1363     -0.827783409227
      1364     -0.827733676099
      1365     -0.827593299079
      1366     -0.827407659073
      1367     -0.827333873915
      1368     -0.827084623256
      1369     -0.827042722054
      1370     -0.826810086677
      1371     -0.826668943642
      1372     -0.826449632178
      1373     -0.826281063657
      1374     -0.825929538821
      1375     -0.825837138623
      1376     -0.825620578247
      1377     -0.825416489245
      1378     -0.825297762224
      1379     -0.825177298829
      1380     -0.824952660209
      1381     -0.824751423680
      1382     -0.824640118575
      1383     -0.824246078519
      1384     -0.824201823489
      1385     -0.823932482400
      1386     -0.823747299883
      1387     -0.823616625059
      1388     -0.823317824890
      1389     -0.823180217933
      1390     -0.822892628933
      1391     -0.822754819814
      1392     -0.822702668146
      1393     -0.822529588777
      1394     -0.822301072782
      1395     -0.822202160223
      1396     -0.821918106958
      1397     -0.821672829094
      1398     -0.821557338210
      1399     -0.821164355293
      1400     -0.821074923595
      1401     -0.820953974730
      1402     -0.820828848296
      1403     -0.820496717221
      1404     -0.820424266463
      1405     -0.820174234028
      1406     -0.819814670765
      1407     -0.819422073202
      1408     -0.819277425715
      1409     -0.819237712351
      1410     -0.818975055333
      1411     -0.818857076331
      1412     -0.818638580229
      1413     -0.818517688796
      1414     -0.818286219137
      1415     -0.818062067207
      1416     -0.817897539312
      1417     -0.817722132376
      1418     -0.817516341097
      1419     -0.817258723728
      1420     -0.816995738996
      1421     -0.816873799032
      1422     -0.816512904048
      1423     -0.816458848805
      1424     -0.815925884728
      1425     -0.815699431812
      1426     -0.815505758876
      1427     -0.815359269705
      1428     -0.815305987937
      1429     -0.815090035444
      1430     -0.815054020104
      1431     -0.814756436489
      1432     -0.814714003826
      1433     -0.814549142534
      1434     -0.814260115083
      1435     -0.814135728280
      1436     -0.813850395989
      1437     -0.813607509013
      1438     -0.813499937862
      1439     -0.813010245322
      1440     -0.812930222199
      1441     -0.812497893340
      1442     -0.812317542986
      1443     -0.812008234775
      1444     -0.811815214683
      1445     -0.811684852140
      1446     -0.811498320201
      1447     -0.811278791299
      1448     -0.811170514798
      1449     -0.810901538727
      1450     -0.810537521803
      1451     -0.810232520403
      1452     -0.810067082921
      1453     -0.809715427417
      1454     -0.809468744448
      1455     -0.809132085455
      1456     -0.808743979286
      1457     -0.808628441460
      1458     -0.808566517102
      1459     -0.808168528881
      1460     -0.807961418237
      1461     -0.807811298524
      1462     -0.807635312284
      1463     -0.807464442381
      1464     -0.807121681635
      1465     -0.806770361666
      1466     -0.806598074897
      1467     -0.806502338726
      1468     -0.806277770285
      1469     -0.805875883376
      1470     -0.805752977013
      1471     -0.805578903493
      1472     -0.805388329586
      1473     -0.805102282620
      1474     -0.804759009221
      1475     -0.804579199869
      1476     -0.804467011532
      1477     -0.803680655758
      1478     -0.803616990136
      1479     -0.803201740239
      1480     -0.803038295256
      1481     -0.802956212562
      1482     -0.802609737687
      1483     -0.802551023074
      1484     -0.802132119750
      1485     -0.801893977375
      1486     -0.801589186370
      1487     -0.801314263803
      1488     -0.800982085749
      1489     -0.800882705131
      1490     -0.800595022373
      1491     -0.800507954683
      1492     -0.800314790448
      1493     -0.800135079074
      1494     -0.799685042268
      1495     -0.799561807986
      1496     -0.799372758120
      1497     -0.799114503593
      1498     -0.798994239892
      1499     -0.798844211103
      1500     -0.798644516686
      1501     -0.798343407663
      1502     -0.798212905229
      1503     -0.798069286658
      1504     -0.797823322688
      1505     -0.797652583955
      1506     -0.797441317638
      1507     -0.797342632253
      1508     -0.797235880576
      1509     -0.796979321725
      1510     -0.796863581729
      1511     -0.796702793207
      1512     -0.796624510328
      1513     -0.796473095797
      1514     -0.796240144635
      1515     -0.796135479069
      1516     -0.795868168095
      1517     -0.795711978210
      1518     -0.795680575345
      1519     -0.795454833321
      1520     -0.795177015287
      1521     -0.795002135909
      1522     -0.794901621272
      1523     -0.794788874265
      1524     -0.794608849318
      1525     -0.794539435901
      1526     -0.794396453906
      1527     -0.794318617520
      1528     -0.794254496684
      1529     -0.794111258756
      1530     -0.793887280589
      1531     -0.793727838436
      1532     -0.793555938148
      1533     -0.793388413947
      1534     -0.793194032892
      1535     -0.793080195713
      1536     -0.792962818359
      1537     -0.792776094350
      1538     -0.792514557240
      1539     -0.792470854958
      1540     -0.792392604750
      1541     -0.792163129995
      1542     -0.792097735788
      1543     -0.791986085462
      1544     -0.791810573755
      1545     -0.791611126453
      1546     -0.791503585782
      1547     -0.791317313159
      1548     -0.791090087353
      1549     -0.791037866849
      1550     -0.790899751571
      1551     -0.790802462467
      1552     -0.790682952080
      1553     -0.790538042178
      1554     -0.790347933730
      1555     -0.790259281340
      1556     -0.790172856980
      1557     -0.790103977461
      1558     -0.789726772534
      1559     -0.789682994406
      1560     -0.789512242836
      1561     -0.789377347301
      1562     -0.789330984305
      1563     -0.788984831905
      1564     -0.788939581673
      1565     -0.788837664627
      1566     -0.788769966395
      1567     -0.788437872520
      1568     -0.788354148380
      1569     -0.788282155580
      1570     -0.788177708471
      1571     -0.788002968981
      1572     -0.787856167598
      1573     -0.787733297443
      1574     -0.787605996329
      1575     -0.787420129525
      1576     -0.787278392850
      1577     -0.787212269281
      1578     -0.787128762463
      1579     -0.787068770684
      1580     -0.786837416733
      1581     -0.786685374198
      1582     -0.786610325895
      1583     -0.786478744706
      1584     -0.786247514403
      1585     -0.786002170487
      1586     -0.785855108696
      1587     -0.785629518244
      1588     -0.785473488721
      1589     -0.785429307786
      1590     -0.785210240039
      1591     -0.785145860518
      1592     -0.785118687282
      1593     -0.785007305876
      1594     -0.784918780044
      1595     -0.784859092774
      1596     -0.784790235701
      1597     -0.784774812641
      1598     -0.784578190685
      1599     -0.784376017805
      1600     -0.784263411509
      1601     -0.784099391488
      1602     -0.783963728296
      1603     -0.783882627649
      1604     -0.783686852545
      1605     -0.783509317637
      1606     -0.783416843435
      1607     -0.783320446021
      1608     -0.783296327107
      1609     -0.783071019325
      1610     -0.783032362563
      1611     -0.782987906674
      1612     -0.782777204457
      1613     -0.782712259232
      1614     -0.782523367263
      1615     -0.782422587871
      1616     -0.782362790055
      1617     -0.782271596066
      1618     -0.782119602108
      1619     -0.781879712210
      1620     -0.781862705350
      1621     -0.781604573852
      1622     -0.781520038612
      1623     -0.781456182121
      1624     -0.781364879365
      1625     -0.781211464615
      1626     -0.781064197140
      1627     -0.781007098413
      1628     -0.780859986685
      1629     -0.780768167540
      1630     -0.780549812113
      1631     -0.780484968858
      1632     -0.780452183430
      1633     -0.780188122332
      1634     -0.780095034077
      1635     -0.780043209128
      1636     -0.779906346527
      1637     -0.779812791781
      1638     -0.779756661521
      1639     -0.779590302922
      1640     -0.779518304703
      1641     -0.779309847836
      1642     -0.779166091595
      1643     -0.779084026033
      1644     -0.778955602280
      1645     -0.778818438651
      1646     -0.778764852745
      1647     -0.778628054336
      1648     -0.778582535227
      1649     -0.778285347069
      1650     -0.778257400960
      1651     -0.778077683981
      1652     -0.777993852306
      1653     -0.777961981611
      1654     -0.777840013864
      1655     -0.777691292736
      1656     -0.777585842251
      1657     -0.777549233648
      1658     -0.777408678923
      1659     -0.777236128645
      1660     -0.777125666345
      1661     -0.776975579505
      1662     -0.776881855127
      1663     -0.776679284868
      1664     -0.776512328308
      1665     -0.776403520328
      1666     -0.776287012322
      1667     -0.776109405157
      1668     -0.775941753642
      1669     -0.775852183238
      1670     -0.775710965294
      1671     -0.775489903494
      1672     -0.775362652999
      1673     -0.775279710268
      1674     -0.775185726657
      1675     -0.774921381368
      1676     -0.774636832706
      1677     -0.774559146030
      1678     -0.774226055554
      1679     -0.774117471563
      1680     -0.774088695469
      1681     -0.773970750591
      1682     -0.773789988903
      1683     -0.773730904439
      1684     -0.773498976175
      1685     -0.773431977077
      1686     -0.773226031218
      1687     -0.773002476876
      1688     -0.772816186041
      1689     -0.772561923947
      1690     -0.772458472492
      1691     -0.772325050056
      1692     -0.772260809339
      1693     -0.771939064576
      1694     -0.771806937040
      1695     -0.771760430536
      1696     -0.771637795377
      1697     -0.771471724968
      1698     -0.771183488658
      1699     -0.770934719136
      1700     -0.770844421884
      1701     -0.770637128757
      1702     -0.770566519685
      1703     -0.770135383800
      1704     -0.769998779978
      1705     -0.769768529790
      1706     -0.769721390861
      1707     -0.769244492783
      1708     -0.769064785890
      1709     -0.768714613961
      1710     -0.768485171655
      1711     -0.768331621046
      1712     -0.767781037021
      1713     -0.767560033334
      1714     -0.767255072373
      1715     -0.766879801462
      1716     -0.766437119440
      1717     -0.765848618261
      1718     -0.765232579948
      1719     -0.764837104009
      1720     -0.764353970465
      1721     -0.763900773101
      1722     -0.763278806835
      1723     -0.763026698226
      1724     -0.762947254320
      1725     -0.762674886868
      1726     -0.762211906192
      1727     -0.761777294439
      1728     -0.761387919366
      1729     -0.760847335923
      1730     -0.760381565378
      1731     -0.759785655351
      1732     -0.759453419152
      1733     -0.758884910463
      1734     -0.758633607940
      1735     -0.757929399048
      1736     -0.757445121378
      1737     -0.756991938925
      1738     -0.756564878555
      1739     -0.756296853209
      1740     -0.756066162411
      1741     -0.755652890025
      1742     -0.755612916005
      1743     -0.755489208721
      1744     -0.755074292812
      1745     -0.754877109416
      1746     -0.754766459806
      1747     -0.754425594810
      1748     -0.754226468506
      1749     -0.753983477759
      1750     -0.753748902396
      1751     -0.753667072697
      1752     -0.753362287968
      1753     -0.753274447897
      1754     -0.753080147842
      1755     -0.752754028146
      1756     -0.752448536320
      1757     -0.752204265499
      1758     -0.752037026699
      1759     -0.751567528613
      1760     -0.751367918841
      1761     -0.751296349521
      1762     -0.751086935267
      1763     -0.750832538092
      1764     -0.750531758726
      1765     -0.750456281886
      1766     -0.750296137524
      1767     -0.750037315179
      1768     -0.749973927043
      1769     -0.749689777768
      1770     -0.749660970866
      1771     -0.749268485797
      1772     -0.748911213533
      1773     -0.748799684979
      1774     -0.748530376981
      1775     -0.748134738721
      1776     -0.747880068358
      1777     -0.747791120025
      1778     -0.747632462809
      1779     -0.747361944300
      1780     -0.747234821049
      1781     -0.746922006291
      1782     -0.746666561645
      1783     -0.746612287716
      1784     -0.746297489239
      1785     -0.746062833329
      1786     -0.745907172309
      1787     -0.745635353684
      1788     -0.745398650265
      1789     -0.745174451279
      1790     -0.745028558242
      1791     -0.744860814462
      1792     -0.744654137168
      1793     -0.744370056936
      1794     -0.744232983946
      1795     -0.743904273144
      1796     -0.743855801271
      1797     -0.743656014225
      1798     -0.743508787904
      1799     -0.743350916416
      1800     -0.743266030923
      1801     -0.743097050125
      1802     -0.742889286703
      1803     -0.742803930709
      1804     -0.742616346749
      1805     -0.742339784989
      1806     -0.741992989306
      1807     -0.741852912599
      1808     -0.741650221982
      1809     -0.741362195966
      1810     -0.741301050914
      1811     -0.740975415270
      1812     -0.740874145353
      1813     -0.740678209118
      1814     -0.740419764623
      1815     -0.740042102496
      1816     -0.739912763115
      1817     -0.739795581907
      1818     -0.739569879821
      1819     -0.739454862316
      1820     -0.739337500621
      1821     -0.739158879699
      1822     -0.739065939694
      1823     -0.738774629422
      1824     -0.738532014173
      1825     -0.738317929110
      1826     -0.738270382049
      1827     -0.738137452991
      1828     -0.737972651418
      1829     -0.737823377075
      1830     -0.737590242522
      1831     -0.737434890615
      1832     -0.737259272489
      1833     -0.737073411735
      1834     -0.736911808218
      1835     -0.736820502295
      1836     -0.736607897567
      1837     -0.736447444672
      1838     -0.736348269697
      1839     -0.736204126469
      1840     -0.736059058847
      1841     -0.735994080603
      1842     -0.735892407288
      1843     -0.735784856466
      1844     -0.735574409440
      1845     -0.735458676600
      1846     -0.735207647841
      1847     -0.734973053480
      1848     -0.734776301645
      1849     -0.734382201654
      1850     -0.734240838750
      1851     -0.734178983110
      1852     -0.733947894522
      1853     -0.733690104314
      1854     -0.733635481495
      1855     -0.733549856916
      1856     -0.733358922270
      1857     -0.733054998631
      1858     -0.732883626289
      1859     -0.732525291019
      1860     -0.732482063839
      1861     -0.732303927751
      1862     -0.732071821775
      1863     -0.731932952778
      1864     -0.731751060251
      1865     -0.731701052005
      1866     -0.731504820598
      1867     -0.731341723876
      1868     -0.731201720080
      1869     -0.730955152619
      1870     -0.730648281552
      1871     -0.730480665231
      1872     -0.730342631059
      1873     -0.730151859254
      1874     -0.729875693387
      1875     -0.729793205561
      1876     -0.729605449198
      1877     -0.729528661466
      1878     -0.729334517521
      1879     -0.729161897381
      1880     -0.728904838139
      1881     -0.728797698437
      1882     -0.728583846230
      1883     -0.728247996209
      1884     -0.728140742769
      1885     -0.727898477531
      1886     -0.727772854690
      1887     -0.727638782943
      1888     -0.727334946654
      1889     -0.727193709843
      1890     -0.726825622521
      1891     -0.726756973931
      1892     -0.726523711046
      1893     -0.726238764713
      1894     -0.726025960275
      1895     -0.725732180891
      1896     -0.725647378250
      1897     -0.725498482145
      1898     -0.725305584787
      1899     -0.725174755485
      1900     -0.724834677215
      1901     -0.724585901745
      1902     -0.724457168878
      1903     -0.724414905825
      1904     -0.724258428835
      1905     -0.724050235000
      1906     -0.723569932027
      1907     -0.723410125195
      1908     -0.723253939817
      1909     -0.723054647952
      1910     -0.722866777030
      1911     -0.722779612213
      1912     -0.722714416489
      1913     -0.722077729675
      1914     -0.721994531831
      1915     -0.721846314760
      1916     -0.721753555251
      1917     -0.721393163188
      1918     -0.721282583730
      1919     -0.720981794964
      1920     -0.720819665116
      1921     -0.720683334908
      1922     -0.720478728467
      1923     -0.720167191299
      1924     -0.719953123822
      1925     -0.719697067098
      1926     -0.719600986204
      1927     -0.719285174219
      1928     -0.719097073560
      1929     -0.718801504030
      1930     -0.718636242028
      1931     -0.718462506000
      1932     -0.718336371502
      1933     -0.718064649592
      1934     -0.717971347813
      1935     -0.717605242050
      1936     -0.717485834354
      1937     -0.717386530545
      1938     -0.717059270459
      1939     -0.716785755064
      1940     -0.716676594968
      1941     -0.716454638418
      1942     -0.716244097555
      1943     -0.716072205086
      1944     -0.716030017964
      1945     -0.715580069037
      1946     -0.715471661985
      1947     -0.715329204426
      1948     -0.715115600249
      1949     -0.714779663274
      1950     -0.714638202119
      1951     -0.714535572377
      1952     -0.714310899112
      1953     -0.714219011118
      1954     -0.714016607223
      1955     -0.713923835797
      1956     -0.713539864919
      1957     -0.713409374282
      1958     -0.713082937926
      1959     -0.712957701439
      1960     -0.712703882349
      1961     -0.712591855422
      1962     -0.712410539509
      1963     -0.712097088175
      1964     -0.711957626281
      1965     -0.711725081469
      1966     -0.711533316380
      1967     -0.711320626512
      1968     -0.711125945633
      1969     -0.710822610101
      1970     -0.710448169213
      1971     -0.710142666640
      1972     -0.709920084043
      1973     -0.709804543254
      1974     -0.709402210799
      1975     -0.709321971293
      1976     -0.708970849481
      1977     -0.708640319863
      1978     -0.708471551209
      1979     -0.708410388219
      1980     -0.708199878551
      1981     -0.708099068038
      1982     -0.707857280327
      1983     -0.707604170337
      1984     -0.707160912721
      1985     -0.707053946713
      1986     -0.707002897154
      1987     -0.706639802056
      1988     -0.706492982151
      1989     -0.706344710464
      1990     -0.706169660370
      1991     -0.706066973394
      1992     -0.705742577671
      1993     -0.705606052587
      1994     -0.705413057854
      1995     -0.705083478995
      1996     -0.704855149484
      1997     -0.704710486870
      1998     -0.704474121169
      1999     -0.704222163531
      2000     -0.704034414052
      2001     -0.703714610124
      2002     -0.703598034024
      2003     -0.703403181717
      2004     -0.703160887422
      2005     -0.702905794444
      2006     -0.702843502066
      2007     -0.702780417665
      2008     -0.702667892603
      2009     -0.702406413128
      2010     -0.702205710043
      2011     -0.701811523994
      2012     -0.701738241843
      2013     -0.701643518956
      2014     -0.701332480323
      2015     -0.700992220039
      2016     -0.700795827213
      2017     -0.700644688624
      2018     -0.700504646126
      2019     -0.700346876839
      2020     -0.700065247627
      2021     -0.699817392148
      2022     -0.699696591282
      2023     -0.699381146095
      2024     -0.698987402952
      2025     -0.698780571652
      2026     -0.698291395677
      2027     -0.698159544662
      2028     -0.697954486872
      2029     -0.697767079526
      2030     -0.697362852498
      2031     -0.697242773319
      2032     -0.696704586299
      2033     -0.696549151268
      2034     -0.696482927361
      2035     -0.696184953687
      2036     -0.695816049799
      2037     -0.695442069331
      2038     -0.695248715991
      2039     -0.695118544586
      2040     -0.694964384142
      2041     -0.694795224675
      2042     -0.694452919947
      2043     -0.694368240216
      2044     -0.693948897613
      2045     -0.693832153326
      2046     -0.693555245910
      2047     -0.693414711865
      2048     -0.692924809666
      2049     -0.692591913322
      2050     -0.692494567650
      2051     -0.692289526723
      2052     -0.692157903862
      2053     -0.691880633176
      2054     -0.691558753475
      2055     -0.691383138287
      2056     -0.691272148643
      2057     -0.690914418167
      2058     -0.690642312370
      2059     -0.690280307155
      2060     -0.689875467566
      2061     -0.689680623515
      2062     -0.689418406463
      2063     -0.689240821206
      2064     -0.688870670804
      2065     -0.688507918774
      2066     -0.688246347580
      2067     -0.687911575520
      2068     -0.687481063996
      2069     -0.687383299505
      2070     -0.686922456469
      2071     -0.686742934552
      2072     -0.686561166372
      2073     -0.686127120004
      2074     -0.686016035124
      2075     -0.685660573755
      2076     -0.685536346212
      2077     -0.685321063159
      2078     -0.685090507623
      2079     -0.684824047392
      2080     -0.684615412876
      2081     -0.684428256986
      2082     -0.684114971568
      2083     -0.683917540696
      2084     -0.683761464959
      2085     -0.683257268594
      2086     -0.683037026146
      2087     -0.682889529829
      2088     -0.682774877219
      2089     -0.682612723433
      2090     -0.682272723793
      2091     -0.682019046107
      2092     -0.681386311097
      2093     -0.681205822597
      2094     -0.680935176703
      2095     -0.680818681709
      2096     -0.680622934556
      2097     -0.680439412919
      2098     -0.680248978582
      2099     -0.679928596133
      2100     -0.679775151976
      2101     -0.679623306100
      2102     -0.679236095066
      2103     -0.678953766190
      2104     -0.678469937526
      2105     -0.678352648395
      2106     -0.677978710203
      2107     -0.677773502597
      2108     -0.677691299992
      2109     -0.677449490276
      2110     -0.677013793014
      2111     -0.676755223144
      2112     -0.676713505009
      2113     -0.676658234507
      2114     -0.676494416857
      2115     -0.676044636713
      2116     -0.675861166043
      2117     -0.675481714925
      2118     -0.675413104100
      2119     -0.675162793791
      2120     -0.674975470984
      2121     -0.674621770097
      2122     -0.674491095992
      2123     -0.674292745387
      2124     -0.673976441136
      2125     -0.673848685055
      2126     -0.673672992205
      2127     -0.673254905992
      2128     -0.673022353447
      2129     -0.672657945236
      2130     -0.672559260233
      2131     -0.672392876251
      2132     -0.672262583000
      2133     -0.671988055918
      2134     -0.671889901721
      2135     -0.671699238126
      2136     -0.671320725693
      2137     -0.671198522704
      2138     -0.670897735348
      2139     -0.670481151780
      2140     -0.670234842598
      2141     -0.670043758233
      2142     -0.669733156598
      2143     -0.669564400171
      2144     -0.669199314194
      2145     -0.669157889440
      2146     -0.668827750167
      2147     -0.668715993415
      2148     -0.668594499233
      2149     -0.668420189306
      2150     -0.668098405649
      2151     -0.667706842537
      2152     -0.667663031104
      2153     -0.667557051173
      2154     -0.667288848452
      2155     -0.666960002012
      2156     -0.666743149387
      2157     -0.666613781379
      2158     -0.666370565345
      2159     -0.666257882941
      2160     -0.665949367033
      2161     -0.665776694502
      2162     -0.665517733135
      2163     -0.665287818402
      2164     -0.665135659940
      2165     -0.664670980623
      2166     -0.664591171985
      2167     -0.664502983781
      2168     -0.664182931854
      2169     -0.663702662682
      2170     -0.663520227231
      2171     -0.663461918606
      2172     -0.663152808407
      2173     -0.662943600696
      2174     -0.662775590818
      2175     -0.662691586527
      2176     -0.662605567395
      2177     -0.662413399106
      2178     -0.662272323562
      2179     -0.662107675288
      2180     -0.661705925500
      2181     -0.661691879124
      2182     -0.661269144171
      2183     -0.661166770873
      2184     -0.660949862138
      2185     -0.660825691670
      2186     -0.660590470531
      2187     -0.660423419881
      2188     -0.660157889915
      2189     -0.660096508571
      2190     -0.659786156227
      2191     -0.659615080692
      2192     -0.659373566398
      2193     -0.659162592441
      2194     -0.659101357162
      2195     -0.658889611029
      2196     -0.658802920375
      2197     -0.658610101263
      2198     -0.658181623293
      2199     -0.657832256245
      2200     -0.657501896155
      2201     -0.657425487923
      2202     -0.657397241371
      2203     -0.657136920971
      2204     -0.656974945039
      2205     -0.656909085303
      2206     -0.656574953049
      2207     -0.656126762691
      2208     -0.655847767865
      2209     -0.655811300142
      2210     -0.655652090896
      2211     -0.655198874359
      2212     -0.654948087528
      2213     -0.654881223488
      2214     -0.654533974623
      2215     -0.654195023164
      2216     -0.654154679041
      2217     -0.653725708784
      2218     -0.653511681599
      2219     -0.653202743129
      2220     -0.653080636244
      2221     -0.652825021133
      2222     -0.652404271289
      2223     -0.652384756469
      2224     -0.652011828752
      2225     -0.651928161579
      2226     -0.651881168710
      2227     -0.651527092240
      2228     -0.651366348911
      2229     -0.651264743927
      2230     -0.650690125503
      2231     -0.650582542129
      2232     -0.650427318520
      2233     -0.650221044041
      2234     -0.649986368681
      2235     -0.649493117365
      2236     -0.649255240072
      2237     -0.649153815795
      2238     -0.648884695261
      2239     -0.648827412773
      2240     -0.648423975147
      2241     -0.648348051450
      2242     -0.648091670661
      2243     -0.647516410251
      2244     -0.647255454034
      2245     -0.647141823743
      2246     -0.646997825299
      2247     -0.646662690415
      2248     -0.646415195180
      2249     -0.646132785897
      2250     -0.645980371680
      2251     -0.645697115501
      2252     -0.645379533932
      2253     -0.645343358915
      2254     -0.644946051386
      2255     -0.644792581778
      2256     -0.644671061883
      2257     -0.644357835099
      2258     -0.644240855380
      2259     -0.643912454955
      2260     -0.643728266868
      2261     -0.643682367450
      2262     -0.643268392744
      2263     -0.643073495476
      2264     -0.642465872980
      2265     -0.642123165548
      2266     -0.642035890207
      2267     -0.641580813925
      2268     -0.641316733736
      2269     -0.640949920635
      2270     -0.640746879973
      2271     -0.640303874939
      2272     -0.640070449579
      2273     -0.639917060214
      2274     -0.639634446088
      2275     -0.639475965808
      2276     -0.638990131518
      2277     -0.638609300714
      2278     -0.638564021101
      2279     -0.638314194215
      2280     -0.637834188275
      2281     -0.637581967301
      2282     -0.637305510177
      2283     -0.637202071046
      2284     -0.636889488119
      2285     -0.636566232392
      2286     -0.636096743156
      2287     -0.635681853689
      2288     -0.635543699715
      2289     -0.635233058082
      2290     -0.634411326152
      2291     -0.633921243395
      2292     -0.633365384401
      2293     -0.633064242594
      2294     -0.632487913893
      2295     -0.631815235594
      2296     -0.631271401909
      2297     -0.630500704995
      2298     -0.630101286283
      2299     -0.629221452599
      2300     -0.628757584345
      2301     -0.628361232653
      2302     -0.627754252902
      2303     -0.627357509741
      2304     -0.627230277193
      2305     -0.626637446754
      2306     -0.626190652226
      2307     -0.625864754382
      2308     -0.625377326246
      2309     -0.624921109619
      2310     -0.624458183835
      2311     -0.623996531773
      2312     -0.623911088538
      2313     -0.622998448558
      2314     -0.622777218192
      2315     -0.622177477415
      2316     -0.621937148441
      2317     -0.621664809735
      2318     -0.621542260498
      2319     -0.620979240966
      2320     -0.620721503162
      2321     -0.620188120073
      2322     -0.619587036003
      2323     -0.619299264423
      2324     -0.618715285942
      2325     -0.618386827074
      2326     -0.618303583693
      2327     -0.617786259729
      2328     -0.617568255001
      2329     -0.617494420682
      2330     -0.617034710766
      2331     -0.616554148580
      2332     -0.616371080326
      2333     -0.616152509902
      2334     -0.615374995372
      2335     -0.615335173243
      2336     -0.614993329389
      2337     -0.614816826360
      2338     -0.614138900347
      2339     -0.613339167343
      2340     -0.613064227779
      2341     -0.612736469173
      2342     -0.612035792910
      2343     -0.611712298084
      2344     -0.611661733838
      2345     -0.611317716746
      2346     -0.611220867340
      2347     -0.610689208161
      2348     -0.610222481945
      2349     -0.610072209893
      2350     -0.609739040355
      2351     -0.609568723275
      2352     -0.609037669381
      2353     -0.608590669336
      2354     -0.608057823987
      2355     -0.607180334170
      2356     -0.606574834917
      2357     -0.605937713040
      2358     -0.605217459389
      2359     -0.604850618054
      2360     -0.604373290250
      2361     -0.603819060227
      2362     -0.603512689264
      2363     -0.603097862648
      2364     -0.602526875003
      2365     -0.602037159622
      2366     -0.601145834268
      2367     -0.600825133964
      2368     -0.600398156221
      2369     -0.599949387052
      2370     -0.599341789898
      2371     -0.598934880779
      2372     -0.597781368266
      2373     -0.597542236706
      2374     -0.596654615444
      2375     -0.595955153740
      2376     -0.595245464633
      2377     -0.594367421088
      2378     -0.593051340489
      2379     -0.591902959445
      2380     -0.590127025058
      2381     -0.586844301525
      2382     -0.586086871134
      2383     -0.583770509110
      2384     -0.582686800546
      2385     -0.581209733736
      2386     -0.579757330656
      2387     -0.574908494614
      2388     -0.574125505190
      2389     -0.573470563449
      2390     -0.572722664982
      2391     -0.568998810109
      2392     -0.566946796356
      2393     -0.563765197901
      2394     -0.562971564139
      2395     -0.561865783351
      2396     -0.560058254306
      2397     -0.555000740405
      2398     -0.554267165992
      2399     -0.553052515879
      2400     -0.552548650725
      2401     -0.547682976121
      2402     -0.546079160221
      2403     -0.544357072442
      2404     -0.543702818224
      2405     -0.538813299616
      2406     -0.537612740803
      2407     -0.536241564744
      2408     -0.534792340793
      2409     -0.531331743186
      2410     -0.529815045279
      2411     -0.528338664627
      2412     -0.527226040708
      2413     -0.523345541993
      2414     -0.521780417124
      2415     -0.520795717665
      2416     -0.520200110674
      2417     -0.516059406248
      2418     -0.514969112369
      2419     -0.514658313623
      2420     -0.512804052935
      2421     -0.511675043678
      2422     -0.509980776099
      2423     -0.509196373195
      2424     -0.508659630332
      2425     -0.508326978505
      2426     -0.508073580693
      2427     -0.507376223661
      2428     -0.506761393814
      2429     -0.506425515685
      2430     -0.506279451264
      2431     -0.505943995941
      2432     -0.505689621882
      2433     -0.505411449552
      2434     -0.504652244146
      2435     -0.504288252918
      2436     -0.503806833793
      2437     -0.503728239937
      2438     -0.503523728102
      2439     -0.503133370460
      2440     -0.502679454631
      2441     -0.502456082767
      2442     -0.502381837550
      2443     -0.501926880828
      2444     -0.501828944951
      2445     -0.501577758114
      2446     -0.501446202440
      2447     -0.501265316756
      2448     -0.500945101774
      2449     -0.500537126557
      2450     -0.500129341410
      2451     -0.499749088782
      2452     -0.499667429708
      2453     -0.499299129401
      2454     -0.499133044398
      2455     -0.498935879758
      2456     -0.498756174245
      2457     -0.498614906096
      2458     -0.498502687477
      2459     -0.498055870299
      2460     -0.497875163953
      2461     -0.497614532141
      2462     -0.497113290061
      2463     -0.496940065359
      2464     -0.496745222362
      2465     -0.496583356793
      2466     -0.496330375942
      2467     -0.496147747619
      2468     -0.495823048328
      2469     -0.495326740538
      2470     -0.495240685338
      2471     -0.495011362200
      2472     -0.494761578639
      2473     -0.494450734917
      2474     -0.494107410680
      2475     -0.493920292486
      2476     -0.493398641021
      2477     -0.493270773868
      2478     -0.493110356386
      2479     -0.492845414672
      2480     -0.492768524307
      2481     -0.492166743787
      2482     -0.492004648479
      2483     -0.491897730962
      2484     -0.491616708860
      2485     -0.491116110067
      2486     -0.490633012622
      2487     -0.490470296076
      2488     -0.490236465296
      2489     -0.490021331897
      2490     -0.489455295891
      2491     -0.489220846185
      2492     -0.489172623485
      2493     -0.488897691472
      2494     -0.488548237301
      2495     -0.488330294896
      2496     -0.487833551964
      2497     -0.487683840660
      2498     -0.487212800978
      2499     -0.486970005977
      2500     -0.486831323130
      2501     -0.486549752674
      2502     -0.486206563685
      2503     -0.485956189359
      2504     -0.485887602483
      2505     -0.485486527891
      2506     -0.485195436628
      2507     -0.484938737494
      2508     -0.484585560583
      2509     -0.484442925904
      2510     -0.484258326437
      2511     -0.483889517478
      2512     -0.483599947438
      2513     -0.483294389105
      2514     -0.483017665875
      2515     -0.482602342419
      2516     -0.482172312937
      2517     -0.482092828505
      2518     -0.481752830973
      2519     -0.481368629864
      2520     -0.481105682527
      2521     -0.481017601864
      2522     -0.480685128456
      2523     -0.480443968182
      2524     -0.480213992837
      2525     -0.479788012312
      2526     -0.479546297303
      2527     -0.479206753027
      2528     -0.478999123262
      2529     -0.478763563527
      2530     -0.478320102164
      2531     -0.478130056914
      2532     -0.477893304223
      2533     -0.477470172262
      2534     -0.477225834490
      2535     -0.476925073306
      2536     -0.476507130703
      2537     -0.476108323863
      2538     -0.475718976700
      2539     -0.475579726834
      2540     -0.475174008957
      2541     -0.475043670418
      2542     -0.474428890100
      2543     -0.474198880236
      2544     -0.473814068149
      2545     -0.473559224539
      2546     -0.473353298826
      2547     -0.472751417702
      2548     -0.472537578537
      2549     -0.472351361922
      2550     -0.471522696577
      2551     -0.471392239186
      2552     -0.470346426512
      2553     -0.470090561882
      2554     -0.469838826956
      2555     -0.469529876556
      2556     -0.469332251337
      2557     -0.468657106571
      2558     -0.468307037547
      2559     -0.467949585084
      2560     -0.467344625675
      2561     -0.467138910951
      2562     -0.466878365949
      2563     -0.466549506989
      2564     -0.465763057741
      2565     -0.465076993578
      2566     -0.464831890962
      2567     -0.464552685437
      2568     -0.464367629991
      2569     -0.463873270096
      2570     -0.463728221517
      2571     -0.462931394238
      2572     -0.462504086014
      2573     -0.462293267284
      2574     -0.461671112742
      2575     -0.461278770190
      2576     -0.461190756810
      2577     -0.460853737001
      2578     -0.460398563216
      2579     -0.459927093673
      2580     -0.459801060857
      2581     -0.459014332341
      2582     -0.458621006605
      2583     -0.458110465131
      2584     -0.457969241766
      2585     -0.457602620953
      2586     -0.457426111782
      2587     -0.456855092763
      2588     -0.456788452217
      2589     -0.455723092088
      2590     -0.455153720264
      2591     -0.454690230130
      2592     -0.454363798847
      2593     -0.453911111112
      2594     -0.453367345124
      2595     -0.452952349955
      2596     -0.452370013876
      2597     -0.452042352950
      2598     -0.451918891984
      2599     -0.451524760373
      2600     -0.451267120973
      2601     -0.450973440105
      2602     -0.449723676960
      2603     -0.449393797599
      2604     -0.449137767904
      2605     -0.448829077977
      2606     -0.448650770984
      2607     -0.448297595591
      2608     -0.448013008274
      2609     -0.447702054249
      2610     -0.447619171306
      2611     -0.446883485043
      2612     -0.446430501126
      2613     -0.446395740566
      2614     -0.446193584870
      2615     -0.445718536225
      2616     -0.445270658944
      2617     -0.444930123285
      2618     -0.444592233169
      2619     -0.444395011831
      2620     -0.444063323055
      2621     -0.443742861867
      2622     -0.443092794424
      2623     -0.442774467946
      2624     -0.442705308039
      2625     -0.442158303430
      2626     -0.442030100975
      2627     -0.441825595232
      2628     -0.441330885935
      2629     -0.441277867254
      2630     -0.440645321998
      2631     -0.440460472593
      2632     -0.440202638728
      2633     -0.439573519004
      2634     -0.439295488396
      2635     -0.438856401361
      2636     -0.438675532523
      2637     -0.438541587626
      2638     -0.438156795044
      2639     -0.438012143553
      2640     -0.437653725033
      2641     -0.437263337132
      2642     -0.437011770279
      2643     -0.436838439713
      2644     -0.436504120664
      2645     -0.435996667498
      2646     -0.435742299824
      2647     -0.435442060855
      2648     -0.435020279037
      2649     -0.434621517676
      2650     -0.434318266458
      2651     -0.433626490803
      2652     -0.433348282458
      2653     -0.433087474831
      2654     -0.432526865584
      2655     -0.432274510824
      2656     -0.431946905572
      2657     -0.431640081919
      2658     -0.430952013109
      2659     -0.430701148455
      2660     -0.429823596948
      2661     -0.429584416946
      2662     -0.429248392544
      2663     -0.428792552236
      2664     -0.428222795819
      2665     -0.428036938620
      2666     -0.427806603492
      2667     -0.426785118553
      2668     -0.426611574643
      2669     -0.426218426579
      2670     -0.425676771475
      2671     -0.425207395884
      2672     -0.424949130091
      2673     -0.424783081437
      2674     -0.424132047484
      2675     -0.423781513178
      2676     -0.423375004883
      2677     -0.422937261604
      2678     -0.422777589702
      2679     -0.421665725220
      2680     -0.421594635318
      2681     -0.420892401791
      2682     -0.420553007364
      2683     -0.420080470007
      2684     -0.419630262667
      2685     -0.419270371165
      2686     -0.419154614196
      2687     -0.418806481841
      2688     -0.418447637407
      2689     -0.418319566393
      2690     -0.417366546539
      2691     -0.417212823034
      2692     -0.417051853897
      2693     -0.416687991877
      2694     -0.416407919052
      2695     -0.416069509692
      2696     -0.415575334138
      2697     -0.415339403778
      2698     -0.414958157222
      2699     -0.414672916577
      2700     -0.414226570494
      2701     -0.413801756785
      2702     -0.413710515748
      2703     -0.413235231690
      2704     -0.413151571048
      2705     -0.412785154773
      2706     -0.412077123590
      2707     -0.411915412787
      2708     -0.411631711266
      2709     -0.411202668551
      2710     -0.410794095040
      2711     -0.410570774118
      2712     -0.410445336618
      2713     -0.410184325138
      2714     -0.409644044494
      2715     -0.408887964668
      2716     -0.408582911841
      2717     -0.407958896398
      2718     -0.407390643856
      2719     -0.407069920640
      2720     -0.406434067254
      2721     -0.406191097115
      2722     -0.405404241936
      2723     -0.405268050875
      2724     -0.404864841678
      2725     -0.404265517797
      2726     -0.403958293548
      2727     -0.403787897471
      2728     -0.403200375560
      2729     -0.402670993342
      2730     -0.402401569547
      2731     -0.401934660370
      2732     -0.400848693350
      2733     -0.400474660052
      2734     -0.399849512585
      2735     -0.399622572904
      2736     -0.399210889583
      2737     -0.399037618803
      2738     -0.398118136296
      2739     -0.397734730297
      2740     -0.397403873885
      2741     -0.396827839096
      2742     -0.396340846842
      2743     -0.395837132065
      2744     -0.395218090543
      2745     -0.394608898628
      2746     -0.394007521505
      2747     -0.393469009485
      2748     -0.393262653596
      2749     -0.392770200162
      2750     -0.392507850354
      2751     -0.392253714709
      2752     -0.391358654360
      2753     -0.391224146623
      2754     -0.390813161994
      2755     -0.390296671945
      2756     -0.389830694279
      2757     -0.389359474567
      2758     -0.389088467800
      2759     -0.388877005606
      2760     -0.388318722964
      2761     -0.388165109145
      2762     -0.387140272933
      2763     -0.386714564003
      2764     -0.386430286234
      2765     -0.385921257484
      2766     -0.385575640241
      2767     -0.385300337631
      2768     -0.385122361784
      2769     -0.384807994937
      2770     -0.384348264524
      2771     -0.384220150331
      2772     -0.384002784536
      2773     -0.383499594843
      2774     -0.383226982563
      2775     -0.382602741774
      2776     -0.381890994811
      2777     -0.381589115427
      2778     -0.381241999004
      2779     -0.380893029082
      2780     -0.380626669394
      2781     -0.380256803478
      2782     -0.379829543531
      2783     -0.379372701881
      2784     -0.379031013447
      2785     -0.378721800846
      2786     -0.378127778820
      2787     -0.377842192867
      2788     -0.377581843257
      2789     -0.377347424242
      2790     -0.376950471235
      2791     -0.376650021374
      2792     -0.376319032577
      2793     -0.376065856776
      2794     -0.375649718437
      2795     -0.375527555541
      2796     -0.375303102086
      2797     -0.374683940582
      2798     -0.374415814679
      2799     -0.374330617433
      2800     -0.374158975630
      2801     -0.373853609053
      2802     -0.373513940390
      2803     -0.373234663541
      2804     -0.373126133006
      2805     -0.372788727549
      2806     -0.372489478057
      2807     -0.372357648620
      2808     -0.371588868969
      2809     -0.371380676986
      2810     -0.371260601886
      2811     -0.370285836653
      2812     -0.369921397839
      2813     -0.369857969433
      2814     -0.369675741633
      2815     -0.369421461017
      2816     -0.368864114088
      2817     -0.368484645047
      2818     -0.368347970767
      2819     -0.368072548472
      2820     -0.367654734441
      2821     -0.367343352904
      2822     -0.366983223608
      2823     -0.366678138045
      2824     -0.366314067688
      2825     -0.366126254817
      2826     -0.365873243891
      2827     -0.365334248945
      2828     -0.365293033260
      2829     -0.364724302775
      2830     -0.364542241763
      2831     -0.363982911517
      2832     -0.363798950771
      2833     -0.363568460322
      2834     -0.363295467401
      2835     -0.362964246294
      2836     -0.362608416201
      2837     -0.362228655187
      2838     -0.361953996020
      2839     -0.361313134735
      2840     -0.361192014738
      2841     -0.360968196984
      2842     -0.360830025488
      2843     -0.360658989419
      2844     -0.360163824826
      2845     -0.360134752763
      2846     -0.359912802859
      2847     -0.359789509820
      2848     -0.359674552174
      2849     -0.359410689771
      2850     -0.359248157129
      2851     -0.358625687000
      2852     -0.358316558476
      2853     -0.357903230386
      2854     -0.357524995355
      2855     -0.357248021029
      2856     -0.357129314284
      2857     -0.356507743488
      2858     -0.356229241054
      2859     -0.355953793700
      2860     -0.355693428877
      2861     -0.355520428712
      2862     -0.355225356172
      2863     -0.354997240787
      2864     -0.354391590187
      2865     -0.354255449136
      2866     -0.353958966487
      2867     -0.353425404557
      2868     -0.353331359519
      2869     -0.352946077323
      2870     -0.352590587953
      2871     -0.352327962086
      2872     -0.351718464654
      2873     -0.351632410324
      2874     -0.351456752517
      2875     -0.350988501828
      2876     -0.350857676701
      2877     -0.350396096540
      2878     -0.349916261451
      2879     -0.349771915649
      2880     -0.349639637495
      2881     -0.348843308028
      2882     -0.348680739966
      2883     -0.348517033131
      2884     -0.348119225203
      2885     -0.347839181275
      2886     -0.347659394576
      2887     -0.347318703263
      2888     -0.347140893989
      2889     -0.346948758100
      2890     -0.346630745406
      2891     -0.346410313902
      2892     -0.346194737190
      2893     -0.345670591967
      2894     -0.345455662865
      2895     -0.344979764115
      2896     -0.344510318496
      2897     -0.344056034077
      2898     -0.343910973229
      2899     -0.343586751237
      2900     -0.343361058025
      2901     -0.343125915897
      2902     -0.343035974462
      2903     -0.342865430420
      2904     -0.342320756620
      2905     -0.341906124596
      2906     -0.341293175411
      2907     -0.341075503911
      2908     -0.340782907186
      2909     -0.340554733504
      2910     -0.340387450093
      2911     -0.339808140636
      2912     -0.339621968488
      2913     -0.339316403652
      2914     -0.338793299001
      2915     -0.338566171853
      2916     -0.338419165575
      2917     -0.338034206677
      2918     -0.337944173495
      2919     -0.337641657011
      2920     -0.337327823786
      2921     -0.337037452934
      2922     -0.336588820188
      2923     -0.336366921501
      2924     -0.335736770937
      2925     -0.335502319401
      2926     -0.335014703036
      2927     -0.334872337312
      2928     -0.334579294963
      2929     -0.334092014175
      2930     -0.333918057116
      2931     -0.333808867159
      2932     -0.333384977278
      2933     -0.333168728264
      2934     -0.332404896155
      2935     -0.332017872994
      2936     -0.331623394139
      2937     -0.330925575929
      2938     -0.330468821809
      2939     -0.330010745209
      2940     -0.329925396610
      2941     -0.329401930208
      2942     -0.328823454028
      2943     -0.328233052714
      2944     -0.328147640422
      2945     -0.327551630978
      2946     -0.327186578116
      2947     -0.326733716123
      2948     -0.326187053918
      2949     -0.326001749361
      2950     -0.325662058386
      2951     -0.325130143046
      2952     -0.324581413623
      2953     -0.324336548000
      2954     -0.323461629949
      2955     -0.322622235030
      2956     -0.322084768313
      2957     -0.321623398667
      2958     -0.321484418927
      2959     -0.320855331651
      2960     -0.320558804711
      2961     -0.320258540362
      2962     -0.320070671826
      2963     -0.319572017626
      2964     -0.319117859311
      2965     -0.318868506029
      2966     -0.318520882697
      2967     -0.318313221295
      2968     -0.317907896578
      2969     -0.316967508293
      2970     -0.316449675881
      2971     -0.316202644980
      2972     -0.315916487048
      2973     -0.315513625875
      2974     -0.315172570399
      2975     -0.314715989499
      2976     -0.314354711504
      2977     -0.314139958581
      2978     -0.313926150784
      2979     -0.313828794664
      2980     -0.313474393451
      2981     -0.312901498624
      2982     -0.312717752731
      2983     -0.312309095513
      2984     -0.311946798040
      2985     -0.311617900116
      2986     -0.311412824518
      2987     -0.310875313183
      2988     -0.310644292762
      2989     -0.310586902935
      2990     -0.310281126341
      2991     -0.310110866410
      2992     -0.309957165487
      2993     -0.309436374775
      2994     -0.309111523348
      2995     -0.308806327992
      2996     -0.308774672490
      2997     -0.308516674066
      2998     -0.307878981458
      2999     -0.307634998670
      3000     -0.307144361781
      3001     -0.306961288305
      3002     -0.306799346912
      3003     -0.306415582796
      3004     -0.306020010735
      3005     -0.305858140105
      3006     -0.305710129365
      3007     -0.305338139930
      3008     -0.305171969949
      3009     -0.304969951226
      3010     -0.304527708362
      3011     -0.304294802206
      3012     -0.304010123587
      3013     -0.303842125373
      3014     -0.303689373089
      3015     -0.303365223573
      3016     -0.303017655550
      3017     -0.302765276940
      3018     -0.302535258133
      3019     -0.302386215114
      3020     -0.301965446758
      3021     -0.301699499967
      3022     -0.301380054037
      3023     -0.300936474669
      3024     -0.300796913579
      3025     -0.300601892680
      3026     -0.300336903545
      3027     -0.299710346187
      3028     -0.299703202380
      3029     -0.299453872765
      3030     -0.299278355222
      3031     -0.299239930332
      3032     -0.299002878675
      3033     -0.298785640988
      3034     -0.298311576614
      3035     -0.298075973961
      3036     -0.297744331892
      3037     -0.297715732959
      3038     -0.297202589109
      3039     -0.297094427077
      3040     -0.296882272215
      3041     -0.296523921280
      3042     -0.296364733859
      3043     -0.296122614967
      3044     -0.295985039184
      3045     -0.295716770502
      3046     -0.295246255043
      3047     -0.294856209632
      3048     -0.294671418332
      3049     -0.294424200862
      3050     -0.293739190267
      3051     -0.293694069330
      3052     -0.293377526459
      3053     -0.293006185849
      3054     -0.292752673150
      3055     -0.292512620359
      3056     -0.292193177811
      3057     -0.291684745957
      3058     -0.291321106464
      3059     -0.291190570437
      3060     -0.290940634537
      3061     -0.290724890437
      3062     -0.290551439470
      3063     -0.290363472523
      3064     -0.289847658820
      3065     -0.289659542763
      3066     -0.289384424323
      3067     -0.289139742541
      3068     -0.288894366366
      3069     -0.288685508043
      3070     -0.288141732140
      3071     -0.287956046343
      3072     -0.287625956358
      3073     -0.287313947323
      3074     -0.287009054183
      3075     -0.286462079040
      3076     -0.286351966632
      3077     -0.285825437241
      3078     -0.285757180000
      3079     -0.285691437113
      3080     -0.285397179833
      3081     -0.284965106127
      3082     -0.284793637522
      3083     -0.284546233630
      3084     -0.284222105732
      3085     -0.283829714886
      3086     -0.283695770377
      3087     -0.283404531208
      3088     -0.283004494589
      3089     -0.282943284149
      3090     -0.282620197935
      3091     -0.282065540919
      3092     -0.281731201754
      3093     -0.281578783976
      3094     -0.281329906442
      3095     -0.281025673003
      3096     -0.280839905698
      3097     -0.280511824438
      3098     -0.280445612068
      3099     -0.279894087908
      3100     -0.279659824055
      3101     -0.279293396900
      3102     -0.279050971196
      3103     -0.278551252837
      3104     -0.278417248550
      3105     -0.278194883641
      3106     -0.278043223910
      3107     -0.277669802653
      3108     -0.277430301350
      3109     -0.277147903962
      3110     -0.276683769019
      3111     -0.276650675810
      3112     -0.276062629563
      3113     -0.275627092505
      3114     -0.275222606544
      3115     -0.274630209150
      3116     -0.274377309971
      3117     -0.274228403846
      3118     -0.274110075584
      3119     -0.273345139940
      3120     -0.273176266580
      3121     -0.272604113613
      3122     -0.272557393386
      3123     -0.272285909224
      3124     -0.271757618374
      3125     -0.271609572162
      3126     -0.271209920745
      3127     -0.270917002248
      3128     -0.270117872729
      3129     -0.270008875301
      3130     -0.269867406907
      3131     -0.269486791543
      3132     -0.269021491316
      3133     -0.268895170208
      3134     -0.268589498329
      3135     -0.268270417137
      3136     -0.267818326260
      3137     -0.267440927528
      3138     -0.267137862873
      3139     -0.267074523174
      3140     -0.266618172706
      3141     -0.266388384347
      3142     -0.266163007348
      3143     -0.265791889550
      3144     -0.265603092396
      3145     -0.264688312154
      3146     -0.264536676644
      3147     -0.264450174913
      3148     -0.263976483958
      3149     -0.263796751953
      3150     -0.263220680798
      3151     -0.262856739561
      3152     -0.262696006905
      3153     -0.262386736645
      3154     -0.261857736961
      3155     -0.261661681520
      3156     -0.261418389743
      3157     -0.260990047033
      3158     -0.260736061419
      3159     -0.260398780614
      3160     -0.260217452742
      3161     -0.259840647076
      3162     -0.259563140688
      3163     -0.259298784130
      3164     -0.259148704927
      3165     -0.258804514174
      3166     -0.258325321598
      3167     -0.258299722412
      3168     -0.257615278011
      3169     -0.257299555726
      3170     -0.257182743188
      3171     -0.256919449264
      3172     -0.256614911910
      3173     -0.256455929468
      3174     -0.256374237034
      3175     -0.256027086640
      3176     -0.255486597907
      3177     -0.255104644590
      3178     -0.255020931977
      3179     -0.254631519896
      3180     -0.254525058316
      3181     -0.254134682746
      3182     -0.253973297319
      3183     -0.253885627129
      3184     -0.253480192389
      3185     -0.253243113177
      3186     -0.253070472318
      3187     -0.252646592977
      3188     -0.252399477248
      3189     -0.251868996341
      3190     -0.251736816862
      3191     -0.251422038374
      3192     -0.251245640172
      3193     -0.250860749510
      3194     -0.250585113294
      3195     -0.250323607558
      3196     -0.250233010511
      3197     -0.249907584134
      3198     -0.249507231147
      3199     -0.249352627203
      3200     -0.249240472673
      3201     -0.248704867375
      3202     -0.248529451597
      3203     -0.248392613727
      3204     -0.248232923316
      3205     -0.247836153257
      3206     -0.247612228677
      3207     -0.247274244524
      3208     -0.246832756335
      3209     -0.246637715208
      3210     -0.246202017229
      3211     -0.246117820885
      3212     -0.245789090538
      3213     -0.245602443087
      3214     -0.245448271979
      3215     -0.245372506833
      3216     -0.245090706285
      3217     -0.244769843242
      3218     -0.244702200752
      3219     -0.244558074326
      3220     -0.244341967821
      3221     -0.244138830651
      3222     -0.244028133369
      3223     -0.243725062144
      3224     -0.243335745219
      3225     -0.243150777200
      3226     -0.242957597356
      3227     -0.242748747248
      3228     -0.242675419923
      3229     -0.242238816792
      3230     -0.242011242651
      3231     -0.241718781400
      3232     -0.241657423085
      3233     -0.241477429452
      3234     -0.241293118170
      3235     -0.241226615073
      3236     -0.240776335440
      3237     -0.240577943283
      3238     -0.240289435515
      3239     -0.239977581764
      3240     -0.239863493928
      3241     -0.239624052195
      3242     -0.239431072607
      3243     -0.239177168760
      3244     -0.238949888364
      3245     -0.238671423951
      3246     -0.238522053717
      3247     -0.238353556851
      3248     -0.238245164111
      3249     -0.237818490103
      3250     -0.237515358773
      3251     -0.237255560609
      3252     -0.237032876764
      3253     -0.236826182444
      3254     -0.236402192122
      3255     -0.236223429658
      3256     -0.236048119763
      3257     -0.235631776658
      3258     -0.235383316138
      3259     -0.235198968107
      3260     -0.234988785062
      3261     -0.234649997505
      3262     -0.234547157745
      3263     -0.234158220487
      3264     -0.233774951374
      3265     -0.233388047341
      3266     -0.233287616098
      3267     -0.233148472761
      3268     -0.232702893721
      3269     -0.232354375003
      3270     -0.232304240596
      3271     -0.232135289499
      3272     -0.231898130767
      3273     -0.231635491594
      3274     -0.231114403079
      3275     -0.231025100555
      3276     -0.230877120969
      3277     -0.230662407270
      3278     -0.230482200591
      3279     -0.230332355950
      3280     -0.230015607381
      3281     -0.229754899872
      3282     -0.229452868589
      3283     -0.228915712536
      3284     -0.228723327940
      3285     -0.228423310098
      3286     -0.228168774191
      3287     -0.228036065015
      3288     -0.227776759269
      3289     -0.227655309734
      3290     -0.227270580281
      3291     -0.226872867331
      3292     -0.226709242684
      3293     -0.226617886613
      3294     -0.226360930633
      3295     -0.226301433861
      3296     -0.225986924720
      3297     -0.225715351903
      3298     -0.225358956709
      3299     -0.225284498343
      3300     -0.224863892024
      3301     -0.224671747306
      3302     -0.224265935656
      3303     -0.224039417992
      3304     -0.223832188635
      3305     -0.223637919756
      3306     -0.223074698088
      3307     -0.222934862272
      3308     -0.222902817451
      3309     -0.222536708313
      3310     -0.222239445962
      3311     -0.221779467545
      3312     -0.221661952285
      3313     -0.221474322792
      3314     -0.221058015776
      3315     -0.220833088652
      3316     -0.220706550474
      3317     -0.220507938830
      3318     -0.220229698838
      3319     -0.219885609493
      3320     -0.219731308381
      3321     -0.219536924713
      3322     -0.219276114536
      3323     -0.219096393360
      3324     -0.218853485087
      3325     -0.218650541631
      3326     -0.218391900762
      3327     -0.218089696723
      3328     -0.217769569496
      3329     -0.217545792683
      3330     -0.217056141680
      3331     -0.216781304624
      3332     -0.216489025795
      3333     -0.216412746662
      3334     -0.216282951044
      3335     -0.216083556872
      3336     -0.215654308288
      3337     -0.215481456682
      3338     -0.215103821040
      3339     -0.214704498640
      3340     -0.214566479704
      3341     -0.214426672796
      3342     -0.214114132599
      3343     -0.213991325900
      3344     -0.213917352080
      3345     -0.213317489681
      3346     -0.213183725967
      3347     -0.212966339065
      3348     -0.212764576633
      3349     -0.212458882807
      3350     -0.212323766488
      3351     -0.212086722398
      3352     -0.211884771505
      3353     -0.211719264841
      3354     -0.211513865678
      3355     -0.211178647475
      3356     -0.210993921875
      3357     -0.210484466978
      3358     -0.210258091020
      3359     -0.209837288920
      3360     -0.209812840894
      3361     -0.209649916114
      3362     -0.209457934747
      3363     -0.209049512448
      3364     -0.208786007821
      3365     -0.208314046429
      3366     -0.208005613070
      3367     -0.207839085239
      3368     -0.207772971117
      3369     -0.207701973576
      3370     -0.207368976928
      3371     -0.207256299928
      3372     -0.207050774877
      3373     -0.206397435140
      3374     -0.206179618510
      3375     -0.205953767578
      3376     -0.205782317716
      3377     -0.205636205321
      3378     -0.205477778557
      3379     -0.205101749132
      3380     -0.204849087929
      3381     -0.204635516860
      3382     -0.204527561549
      3383     -0.204236287811
      3384     -0.203984949298
      3385     -0.203701463221
      3386     -0.203298077317
      3387     -0.202982787544
      3388     -0.202883990514
      3389     -0.202614191449
      3390     -0.202398618103
      3391     -0.202308415426
      3392     -0.202040226337
      3393     -0.201656372803
      3394     -0.201462665976
      3395     -0.201245163246
      3396     -0.201093881600
      3397     -0.200679542059
      3398     -0.200592737620
      3399     -0.200511356967
      3400     -0.199997451793
      3401     -0.199933566944
      3402     -0.199743212822
      3403     -0.199598721083
      3404     -0.199272572062
      3405     -0.199086559935
      3406     -0.198806619851
      3407     -0.198613695242
      3408     -0.198340928430
      3409     -0.198166417059
      3410     -0.197958854481
      3411     -0.197709074583
      3412     -0.197475161582
      3413     -0.197314806607
      3414     -0.197172216786
      3415     -0.196916129304
      3416     -0.196825730922
      3417     -0.196645467605
      3418     -0.196333499504
      3419     -0.195973817490
      3420     -0.195797956471
      3421     -0.195570958766
      3422     -0.195437023616
      3423     -0.195112849300
      3424     -0.194868283144
      3425     -0.194660770099
      3426     -0.194596381289
      3427     -0.194315373312
      3428     -0.194106411586
      3429     -0.193958078700
      3430     -0.193761946126
      3431     -0.193529266118
      3432     -0.193256374304
      3433     -0.193091331507
      3434     -0.192577222896
      3435     -0.192374481027
      3436     -0.192204279332
      3437     -0.191878305665
      3438     -0.191761002446
      3439     -0.191562719109
      3440     -0.191527628363
      3441     -0.191203397546
      3442     -0.190901838698
      3443     -0.190716135719
      3444     -0.190498352927
      3445     -0.190406616213
      3446     -0.190071957205
      3447     -0.189992240685
      3448     -0.189724027550
      3449     -0.189430052703
      3450     -0.189274188985
      3451     -0.189006213809
      3452     -0.188708796364
      3453     -0.188499991011
      3454     -0.188376639113
      3455     -0.188123163765
      3456     -0.187896377826
      3457     -0.187816519341
      3458     -0.187575261552
      3459     -0.187384284007
      3460     -0.187041049460
      3461     -0.186900622179
      3462     -0.186612646370
      3463     -0.186538508215
      3464     -0.186396212170
      3465     -0.185994043028
      3466     -0.185754722774
      3467     -0.185721414662
      3468     -0.185447788071
      3469     -0.185003594147
      3470     -0.184927715012
      3471     -0.184848391715
      3472     -0.184580138703
      3473     -0.184434833939
      3474     -0.184274457044
      3475     -0.184156432559
      3476     -0.184004824026
      3477     -0.183600701638
      3478     -0.183186690533
      3479     -0.183113886462
      3480     -0.182960211144
      3481     -0.182781949894
      3482     -0.182584927917
      3483     -0.182399597342
      3484     -0.182211225763
      3485     -0.182092682988
      3486     -0.181939406125
      3487     -0.181867577612
      3488     -0.181648469559
      3489     -0.181537816415
      3490     -0.181334050847
      3491     -0.181223181661
      3492     -0.181056333679
      3493     -0.180914257044
      3494     -0.180608567410
      3495     -0.180511284442
      3496     -0.180236987707
      3497     -0.180181300147
      3498     -0.180083774817
      3499     -0.179875192547
      3500     -0.179760965753
      3501     -0.179689069148
      3502     -0.179515787919
      3503     -0.179299685770
      3504     -0.179195079508
      3505     -0.178821374392
      3506     -0.178662657936
      3507     -0.178563278578
      3508     -0.178440397919
      3509     -0.178243620398
      3510     -0.178132736411
      3511     -0.177924572089
      3512     -0.177853044486
      3513     -0.177647350755
      3514     -0.177595000274
      3515     -0.177563319958
      3516     -0.177379193698
      3517     -0.177336509695
      3518     -0.177135197895
      3519     -0.176977082833
      3520     -0.176930020795
      3521     -0.176851953457
      3522     -0.176664363376
      3523     -0.176574238256
      3524     -0.176432746398
      3525     -0.176289557557
      3526     -0.176187855680
      3527     -0.176002156975
      3528     -0.175800360962
      3529     -0.175681394237
      3530     -0.175589120120
      3531     -0.175456688817
      3532     -0.175317125473
      3533     -0.175100100477
      3534     -0.174958960854
      3535     -0.174815382606
      3536     -0.174771491927
      3537     -0.174608046510
      3538     -0.174445045006
      3539     -0.174288356619
      3540     -0.174208742655
      3541     -0.174032763536
      3542     -0.174008762159
      3543     -0.173822400577
      3544     -0.173680166770
      3545     -0.173558077824
      3546     -0.173291143693
      3547     -0.173147397331
      3548     -0.173026420840
      3549     -0.172893022533
      3550     -0.172765267932
      3551     -0.172547458149
      3552     -0.172399879797
      3553     -0.172341319372
      3554     -0.172176598777
      3555     -0.172125924666
      3556     -0.172063240505
      3557     -0.171903930405
      3558     -0.171786210067
      3559     -0.171762171715
      3560     -0.171635866006
      3561     -0.171628963378
      3562     -0.171331348136
      3563     -0.171214850581
      3564     -0.171112835654
      3565     -0.171068519387
      3566     -0.170810891891
      3567     -0.170683079815
      3568     -0.170617705584
      3569     -0.170467389288
      3570     -0.170346491579
      3571     -0.170213261480
      3572     -0.170143602272
      3573     -0.169981884467
      3574     -0.169921679723
      3575     -0.169741998882
      3576     -0.169642698617
      3577     -0.169549816768
      3578     -0.169325077313
      3579     -0.169173240823
      3580     -0.169091725070
      3581     -0.168797975172
      3582     -0.168752780475
      3583     -0.168657978647
      3584     -0.168481715319
      3585     -0.168347961853
      3586     -0.168242985551
      3587     -0.168142991512
      3588     -0.167929476430
      3589     -0.167779292628
      3590     -0.167664008267
      3591     -0.167463161681
      3592     -0.167330500511
      3593     -0.167285847774
      3594     -0.167212275413
      3595     -0.167059940594
      3596     -0.166966254514
      3597     -0.166703656741
      3598     -0.166488630101
      3599     -0.166425859289
      3600     -0.166315225206
      3601     -0.165920709090
      3602     -0.165824954968
      3603     -0.165790871617
      3604     -0.165739659863
      3605     -0.165650688166
      3606     -0.165499396605
      3607     -0.165301155102
      3608     -0.165195211693
      3609     -0.165091081105
      3610     -0.164948984886
      3611     -0.164768398406
      3612     -0.164706862575
      3613     -0.164670851950
      3614     -0.164629751941
      3615     -0.164468634010
      3616     -0.164300145841
      3617     -0.164021304255
      3618     -0.163976485399
      3619     -0.163858229152
      3620     -0.163803718124
      3621     -0.163734412124
      3622     -0.163622622522
      3623     -0.163453309171
      3624     -0.163174312638
      3625     -0.163104730265
      3626     -0.162900021194
      3627     -0.162778913248
      3628     -0.162663268951
      3629     -0.162520980459
      3630     -0.162430638805
      3631     -0.162308164654
      3632     -0.162072234132
      3633     -0.161844975278
      3634     -0.161734056543
      3635     -0.161670404567
      3636     -0.161321288659
      3637     -0.161263619995
      3638     -0.161132965794
      3639     -0.161024048499
      3640     -0.160939225114
      3641     -0.160722489274
      3642     -0.160643970853
      3643     -0.160505618691
      3644     -0.160348926952
      3645     -0.160222680786
      3646     -0.159938911967
      3647     -0.159893915506
      3648     -0.159716979924
      3649     -0.159383222396
      3650     -0.159327722357
      3651     -0.159213310607
      3652     -0.158986293117
      3653     -0.158776800140
      3654     -0.158632298457
      3655     -0.158535711209
      3656     -0.158509544177
      3657     -0.158206678779
      3658     -0.158143088736
      3659     -0.158022622382
      3660     -0.157881402266
      3661     -0.157787169711
      3662     -0.157556788381
      3663     -0.157416980838
      3664     -0.157282801395
      3665     -0.157138037898
      3666     -0.156875030494
      3667     -0.156791432245
      3668     -0.156596152010
      3669     -0.156419158188
      3670     -0.156344623142
      3671     -0.156190802506
      3672     -0.156073533274
      3673     -0.155779360054
      3674     -0.155647254314
      3675     -0.155430545176
      3676     -0.155357320520
      3677     -0.155283457708
      3678     -0.155024863614
      3679     -0.154917965597
      3680     -0.154681049825
      3681     -0.154616280681
      3682     -0.154503222598
      3683     -0.154341606319
      3684     -0.154156930020
      3685     -0.154107559678
      3686     -0.153812624450
      3687     -0.153616084295
      3688     -0.153493255240
      3689     -0.153323517984
      3690     -0.153221955141
      3691     -0.153062584793
      3692     -0.152970292045
      3693     -0.152887379366
      3694     -0.152661383713
      3695     -0.152469471663
      3696     -0.152377858729
      3697     -0.152272226071
      3698     -0.152100606741
      3699     -0.151993839658
      3700     -0.151845097182
      3701     -0.151676204864
      3702     -0.151555938009
      3703     -0.151339101291
      3704     -0.151066317069
      3705     -0.150945613283
      3706     -0.150835987651
      3707     -0.150739788475
      3708     -0.150544689197
      3709     -0.150490092059
      3710     -0.150255859980
      3711     -0.149914930448
      3712     -0.149682689678
      3713     -0.149548595790
      3714     -0.149453055350
      3715     -0.149328506693
      3716     -0.149193522646
      3717     -0.149145165071
      3718     -0.148988849432
      3719     -0.148891622896
      3720     -0.148606837519
      3721     -0.148261770614
      3722     -0.148143619586
      3723     -0.147965009952
      3724     -0.147819216281
      3725     -0.147686831922
      3726     -0.147523975458
      3727     -0.147344287808
      3728     -0.147240709925
      3729     -0.146856554471
      3730     -0.146734042312
      3731     -0.146574513591
      3732     -0.146429248809
      3733     -0.146137534543
      3734     -0.145887741823
      3735     -0.145799361326
      3736     -0.145569238481
      3737     -0.145515937199
      3738     -0.145391447731
      3739     -0.145268943759
      3740     -0.144944549387
      3741     -0.144853997819
      3742     -0.144596144986
      3743     -0.144465356853
      3744     -0.144286038505
      3745     -0.144021062838
      3746     -0.143791518770
      3747     -0.143656156404
      3748     -0.143555931275
      3749     -0.143373128612
      3750     -0.143164837305
      3751     -0.142998764588
      3752     -0.142971302333
      3753     -0.142722252659
      3754     -0.142652653291
      3755     -0.142433433388
      3756     -0.142175765441
      3757     -0.142051151316
      3758     -0.141948709488
      3759     -0.141849133618
      3760     -0.141653116287
      3761     -0.141343538077
      3762     -0.141224248221
      3763     -0.141105854426
      3764     -0.140826164961
      3765     -0.140566595430
      3766     -0.140237789000
      3767     -0.140077998316
      3768     -0.139852164203
      3769     -0.139735686229
      3770     -0.139503019069
      3771     -0.139276852854
      3772     -0.139220781074
      3773     -0.139091745108
      3774     -0.138939800537
      3775     -0.138814666676
      3776     -0.138496956047
      3777     -0.138395884155
      3778     -0.138173922559
      3779     -0.137990050449
      3780     -0.137951526666
      3781     -0.137558534598
      3782     -0.137438854775
      3783     -0.137384055870
      3784     -0.137104706395
      3785     -0.136905481849
      3786     -0.136627238571
      3787     -0.136413327111
      3788     -0.136124499534
      3789     -0.136062211719
      3790     -0.135894365748
      3791     -0.135696769757
      3792     -0.135344053586
      3793     -0.135157501176
      3794     -0.135050295318
      3795     -0.134984881520
      3796     -0.134652409017
      3797     -0.134496033078
      3798     -0.134207092453
      3799     -0.134179926167
      3800     -0.134040476645
      3801     -0.133783448807
      3802     -0.133700040174
      3803     -0.133558615875
      3804     -0.133423547616
      3805     -0.133398217337
      3806     -0.133152616092
      3807     -0.132919354308
      3808     -0.132685812295
      3809     -0.132510246463
      3810     -0.132383318253
      3811     -0.132188272327
      3812     -0.132080751161
      3813     -0.131856133274
      3814     -0.131549944214
      3815     -0.131471662577
      3816     -0.131199484688
      3817     -0.130976214560
      3818     -0.130702810388
      3819     -0.130662861535
      3820     -0.130505887103
      3821     -0.130437183898
      3822     -0.130145971251
      3823     -0.130052382365
      3824     -0.129852837303
      3825     -0.129790318701
      3826     -0.129682855417
      3827     -0.129496005123
      3828     -0.129346246704
      3829     -0.129145884996
      3830     -0.129050407273
      3831     -0.128886113830
      3832     -0.128800639751
      3833     -0.128774739427
      3834     -0.128476972100
      3835     -0.128398633601
      3836     -0.128120898561
      3837     -0.128035190570
      3838     -0.127986166457
      3839     -0.127765410059
      3840     -0.127681198722
      3841     -0.127566271654
      3842     -0.127363969302
      3843     -0.127256142120
      3844     -0.127090290296
      3845     -0.126848764134
      3846     -0.126712777605
      3847     -0.126638717563
      3848     -0.126528692863
      3849     -0.126461117720
      3850     -0.126201177836
      3851     -0.126132187976
      3852     -0.125927022955
      3853     -0.125771658500
      3854     -0.125608590657
      3855     -0.125550370768
      3856     -0.125370233249
      3857     -0.125236349229
      3858     -0.125064101677
      3859     -0.125003720123
      3860     -0.124881436432
      3861     -0.124752709439
      3862     -0.124622518363
      3863     -0.124433763465
      3864     -0.124162347159
      3865     -0.124037953624
      3866     -0.123941846169
      3867     -0.123788062276
      3868     -0.123683425759
      3869     -0.123648154744
      3870     -0.123411245341
      3871     -0.123355611867
      3872     -0.123107181463
      3873     -0.123067439673
      3874     -0.122845115629
      3875     -0.122667760143
      3876     -0.122627580009
      3877     -0.122401631528
      3878     -0.122261680540
      3879     -0.122174467631
      3880     -0.122062253637
      3881     -0.121875590567
      3882     -0.121599683859
      3883     -0.121540642531
      3884     -0.121466906971
      3885     -0.121119454033
      3886     -0.121079633449
      3887     -0.120972128679
      3888     -0.120903840266
      3889     -0.120810469955
      3890     -0.120625455125
      3891     -0.120513127152
      3892     -0.120478704784
      3893     -0.120378106427
      3894     -0.120001378665
      3895     -0.119815399816
      3896     -0.119681382706
      3897     -0.119571642396
      3898     -0.119417192336
      3899     -0.119323104151
      3900     -0.119180635503
      3901     -0.118877853500
      3902     -0.118820301880
      3903     -0.118776184267
      3904     -0.118598473967
      3905     -0.118376980338
      3906     -0.118218068763
      3907     -0.117928566036
      3908     -0.117824908498
      3909     -0.117735380044
      3910     -0.117640963456
      3911     -0.117279303474
      3912     -0.117170534439
      3913     -0.117051689840
      3914     -0.116934778577
      3915     -0.116865692122
      3916     -0.116652752468
      3917     -0.116509484867
      3918     -0.116449811816
      3919     -0.116411558654
      3920     -0.116286781837
      3921     -0.116108972843
      3922     -0.115949374685
      3923     -0.115865848910
      3924     -0.115789116052
      3925     -0.115729593594
      3926     -0.115461928685
      3927     -0.115409656995
      3928     -0.115276655871
      3929     -0.115084638251
      3930     -0.115008320951
      3931     -0.114891883082
      3932     -0.114530301429
      3933     -0.114364712439
      3934     -0.114356028944
      3935     -0.114220508306
      3936     -0.114056227102
      3937     -0.113947323890
      3938     -0.113681819729
      3939     -0.113594127012
      3940     -0.113405863201
      3941     -0.113325740423
      3942     -0.113163016416
      3943     -0.113121697740
      3944     -0.112996351073
      3945     -0.112807834356
      3946     -0.112685397807
      3947     -0.112623158684
      3948     -0.112483189913
      3949     -0.112158518568
      3950     -0.112034397475
      3951     -0.111890063106
      3952     -0.111821821949
      3953     -0.111789892742
      3954     -0.111461533009
      3955     -0.111397826396
      3956     -0.111204490341
      3957     -0.111126977841
      3958     -0.110894453470
      3959     -0.110784719300
      3960     -0.110743613902
      3961     -0.110592079792
      3962     -0.110318917421
      3963     -0.110239729992
      3964     -0.110174949956
      3965     -0.110095379062
      3966     -0.110029296747
      3967     -0.109671276065
      3968     -0.109552403349
      3969     -0.109475596516
      3970     -0.109322392539
      3971     -0.109221320011
      3972     -0.109044956212
      3973     -0.109004184490
      3974     -0.108783469931
      3975     -0.108541800718
      3976     -0.108478300388
      3977     -0.108430169446
      3978     -0.108224433820
      3979     -0.108015572870
      3980     -0.107946064789
      3981     -0.107837234769
      3982     -0.107566402154
      3983     -0.107463422167
      3984     -0.107408410149
      3985     -0.107139783381
      3986     -0.107027393821
      3987     -0.106727509955
      3988     -0.106695718799
      3989     -0.106640878572
      3990     -0.106423690362
      3991     -0.106145472960
      3992     -0.106009357971
      3993     -0.105908366444
      3994     -0.105821280814
      3995     -0.105598226605
      3996     -0.105392042494
      3997     -0.105282366716
      3998     -0.105203812848
      3999     -0.105030010177
      4000     -0.104808729481
      4001     -0.104625688730
      4002     -0.104455386822
      4003     -0.104335877565
      4004     -0.104128861841
      4005     -0.104058487929
      4006     -0.103692752498
      4007     -0.103641036099
      4008     -0.103528786610
      4009     -0.103341941337
      4010     -0.103303023412
      4011     -0.103118378647
      4012     -0.103073185033
      4013     -0.102908130459
      4014     -0.102666129512
      4015     -0.102556807554
      4016     -0.102317895221
      4017     -0.102263215358
      4018     -0.102157469041
      4019     -0.101875121924
      4020     -0.101797640262
      4021     -0.101589256297
      4022     -0.101419619648
      4023     -0.101244125716
      4024     -0.101052550959
      4025     -0.100747213029
      4026     -0.100678418567
      4027     -0.100457154390
      4028     -0.100309013282
      4029     -0.100188302284
      4030     -0.100008221675
      4031     -0.099841609321
      4032     -0.099714721512
      4033     -0.099447674310
      4034     -0.099414993170
      4035     -0.099243396637
      4036     -0.099115412331
      4037     -0.099071913891
      4038     -0.098875055964
      4039     -0.098753737871
      4040     -0.098488762979
      4041     -0.098396616123
      4042     -0.098145807466
      4043     -0.098012741614
      4044     -0.097787992222
      4045     -0.097618157486
      4046     -0.097395165842
      4047     -0.097292629567
      4048     -0.097235675145
      4049     -0.097110716362
      4050     -0.096968189703
      4051     -0.096659194858
      4052     -0.096561195438
      4053     -0.096270263000
      4054     -0.096076554781
      4055     -0.095982258839
      4056     -0.095628284236
      4057     -0.095544540990
      4058     -0.095397192464
      4059     -0.095276988057
      4060     -0.095053849175
      4061     -0.094967504945
      4062     -0.094620766010
      4063     -0.094578837447
      4064     -0.094384641607
      4065     -0.094246719347
      4066     -0.094109711146
      4067     -0.093933078867
      4068     -0.093680306000
      4069     -0.093571497270
      4070     -0.093366124066
      4071     -0.093188206408
      4072     -0.092886922631
      4073     -0.092578235508
      4074     -0.092527228511
      4075     -0.092278669418
      4076     -0.092171605652
      4077     -0.092043253538
      4078     -0.091880295992
      4079     -0.091661867348
      4080     -0.091514861644
      4081     -0.091471807490
      4082     -0.091050409074
      4083     -0.091004261218
      4084     -0.090863191600
      4085     -0.090648677659
      4086     -0.090521791680
      4087     -0.090356238871
      4088     -0.090133308915
      4089     -0.090013649090
      4090     -0.089823283345
      4091     -0.089644592591
      4092     -0.089320279021
      4093     -0.089248894172
      4094     -0.089006151500
      4095     -0.088954158318
      4096     -0.088801515812
      4097     -0.088650467809
      4098     -0.088210927867
      4099     -0.088002369802
      4100     -0.087896598815
      4101     -0.087734936430
      4102     -0.087547791120
      4103     -0.087386735058
      4104     -0.087215307132
      4105     -0.087083318337
      4106     -0.087051214108
      4107     -0.087007154909
      4108     -0.086897324307
      4109     -0.086495510484
      4110     -0.086376723630
      4111     -0.086157544950
      4112     -0.085902137515
      4113     -0.085678731102
      4114     -0.085566541506
      4115     -0.085412221647
      4116     -0.085289393655
      4117     -0.085054355744
      4118     -0.084860444655
      4119     -0.084791875336
      4120     -0.084523201759
      4121     -0.084479279121
      4122     -0.084215470231
      4123     -0.083982851412
      4124     -0.083866685102
      4125     -0.083698041196
      4126     -0.083543375307
      4127     -0.083336924959
      4128     -0.083207184358
      4129     -0.083067641828
      4130     -0.082815858954
      4131     -0.082647565779
      4132     -0.082514964262
      4133     -0.082215504916
      4134     -0.082109871123
      4135     -0.082044131759
      4136     -0.081751367537
      4137     -0.081590668306
      4138     -0.081520819771
      4139     -0.081305983981
      4140     -0.081186003994
      4141     -0.081002017692
      4142     -0.080940165547
      4143     -0.080779277585
      4144     -0.080592901477
      4145     -0.080387674389
      4146     -0.080242943987
      4147     -0.080158587751
      4148     -0.079959958630
      4149     -0.079829671630
      4150     -0.079648851918
      4151     -0.079516574538
      4152     -0.079346337985
      4153     -0.079240650423
      4154     -0.079053536228
      4155     -0.078927669100
      4156     -0.078838974996
      4157     -0.078553986932
      4158     -0.078297637427
      4159     -0.078247882222
      4160     -0.078125752258
      4161     -0.078040317336
      4162     -0.077976594534
      4163     -0.077642253318
      4164     -0.077582056646
      4165     -0.077433830233
      4166     -0.077353301684
      4167     -0.077140883595
      4168     -0.077093008609
      4169     -0.076855148044
      4170     -0.076750949791
      4171     -0.076615125396
      4172     -0.076534088444
      4173     -0.076413162021
      4174     -0.076135729534
      4175     -0.075986864765
      4176     -0.075933902092
      4177     -0.075758150402
      4178     -0.075658363888
      4179     -0.075489865056
      4180     -0.075299840716
      4181     -0.075127293473
      4182     -0.075041206733
      4183     -0.074942621915
      4184     -0.074855735976
      4185     -0.074674943795
      4186     -0.074527528288
      4187     -0.074356806472
      4188     -0.074321927407
      4189     -0.074198318698
      4190     -0.074055233587
      4191     -0.073974276154
      4192     -0.073837028233
      4193     -0.073723520817
      4194     -0.073558219509
      4195     -0.073502586963
      4196     -0.073265981266
      4197     -0.073238677039
      4198     -0.073132850061
      4199     -0.072892081551
      4200     -0.072702704830
      4201     -0.072558022713
      4202     -0.072471567262
      4203     -0.072350442657
      4204     -0.072280821462
      4205     -0.072249226788
      4206     -0.072176701109
      4207     -0.071972037208
      4208     -0.071865714471
      4209     -0.071793027628
      4210     -0.071621854495
      4211     -0.071484157030
      4212     -0.071388321618
      4213     -0.071234355411
      4214     -0.071151035407
      4215     -0.071052218512
      4216     -0.070853268001
      4217     -0.070780978026
      4218     -0.070620010409
      4219     -0.070525814063
      4220     -0.070430628610
      4221     -0.070317381632
      4222     -0.070245967671
      4223     -0.070126940002
      4224     -0.070016404108
      4225     -0.069913519753
      4226     -0.069852028253
      4227     -0.069663997407
      4228     -0.069579931395
      4229     -0.069456354917
      4230     -0.069348061042
      4231     -0.069285486144
      4232     -0.069121218483
      4233     -0.069036983625
      4234     -0.068919514108
      4235     -0.068803145970
      4236     -0.068659196397
      4237     -0.068598716427
      4238     -0.068462351385
      4239     -0.068404684257
      4240     -0.068286571330
      4241     -0.068154918779
      4242     -0.067786502658
      4243     -0.067637843977
      4244     -0.067574655638
      4245     -0.067367720817
      4246     -0.067304115955
      4247     -0.067286485310
      4248     -0.067266451098
      4249     -0.067087486690
      4250     -0.066995965006
      4251     -0.066814382649
      4252     -0.066772685809
      4253     -0.066636151875
      4254     -0.066575262841
      4255     -0.066490971703
      4256     -0.066361047776
      4257     -0.066238354989
      4258     -0.066108573954
      4259     -0.065963432812
      4260     -0.065943321604
      4261     -0.065841890461
      4262     -0.065736636093
      4263     -0.065657431835
      4264     -0.065520028691
      4265     -0.065419738145
      4266     -0.065247288478
      4267     -0.065155086361
      4268     -0.065128873254
      4269     -0.064958428448
      4270     -0.064928071696
      4271     -0.064785601521
      4272     -0.064733218650
      4273     -0.064620258256
      4274     -0.064535120455
      4275     -0.064493508581
      4276     -0.064340613176
      4277     -0.064249383205
      4278     -0.064162109016
      4279     -0.063975646486
      4280     -0.063828385713
      4281     -0.063734331779
      4282     -0.063604818408
      4283     -0.063499939846
      4284     -0.063428858599
      4285     -0.063220864070
      4286     -0.063161608094
      4287     -0.063087510669
      4288     -0.063002358951
      4289     -0.062968731797
      4290     -0.062792880209
      4291     -0.062671227918
      4292     -0.062552220504
      4293     -0.062465713118
      4294     -0.062439684328
      4295     -0.062351685510
      4296     -0.062302971735
      4297     -0.062095195213
      4298     -0.061899128325
      4299     -0.061761178682
      4300     -0.061654876891
      4301     -0.061624148778
      4302     -0.061498228943
      4303     -0.061464856899
      4304     -0.061282476317
      4305     -0.061235544487
      4306     -0.061133598553
      4307     -0.061097348206
      4308     -0.060952284950
      4309     -0.060885349826
      4310     -0.060693530079
      4311     -0.060563126750
      4312     -0.060481561960
      4313     -0.060426627415
      4314     -0.060356439823
      4315     -0.060297098470
      4316     -0.060270160129
      4317     -0.060123765389
      4318     -0.060098319664
      4319     -0.059788885688
      4320     -0.059737765018
      4321     -0.059634019863
      4322     -0.059614408793
      4323     -0.059443693785
      4324     -0.059346493352
      4325     -0.059256802038
      4326     -0.059219693691
      4327     -0.059195476421
      4328     -0.058951042415
      4329     -0.058860518012
      4330     -0.058778901802
      4331     -0.058648431594
      4332     -0.058495561680
      4333     -0.058433415297
      4334     -0.058331492827
      4335     -0.058250022995
      4336     -0.058138524996
      4337     -0.058063729141
      4338     -0.057935858144
      4339     -0.057865496647
      4340     -0.057741182720
      4341     -0.057670027876
      4342     -0.057519084369
      4343     -0.057447997110
      4344     -0.057420121809
      4345     -0.057374139334
      4346     -0.057266170142
      4347     -0.057170152735
      4348     -0.057092238927
      4349     -0.056982399942
      4350     -0.056782592661
      4351     -0.056730642369
      4352     -0.056617527779
      4353     -0.056582128134
      4354     -0.056387328094
      4355     -0.056355622409
      4356     -0.056292722713
      4357     -0.056180262428
      4358     -0.056100650760
      4359     -0.055908696845
      4360     -0.055838951889
      4361     -0.055732940395
      4362     -0.055522537797
      4363     -0.055470546994
      4364     -0.055417887444
      4365     -0.055381132499
      4366     -0.055341198360
      4367     -0.055272243056
      4368     -0.055184910003
      4369     -0.055090709789
      4370     -0.054891103039
      4371     -0.054879524108
      4372     -0.054685055329
      4373     -0.054616155755
      4374     -0.054600548778
      4375     -0.054445008786
      4376     -0.054322018666
      4377     -0.054231449322
      4378     -0.054129802354
      4379     -0.054073270002
      4380     -0.053883972253
      4381     -0.053864110107
      4382     -0.053799378437
      4383     -0.053727308270
      4384     -0.053608315325
      4385     -0.053550145101
      4386     -0.053448145762
      4387     -0.053324124518
      4388     -0.053268787801
      4389     -0.053199577275
      4390     -0.053118052846
      4391     -0.052920072741
      4392     -0.052818334197
      4393     -0.052725517189
      4394     -0.052689723647
      4395     -0.052640191462
      4396     -0.052419717244
      4397     -0.052315590854
      4398     -0.052175082392
      4399     -0.052085835066
      4400     -0.052035576444
      4401     -0.051974769303
      4402     -0.051878145868
      4403     -0.051816142538
      4404     -0.051681769124
      4405     -0.051522692870
      4406     -0.051500074585
      4407     -0.051360172172
      4408     -0.051199270348
      4409     -0.051111276152
      4410     -0.051071884140
      4411     -0.050988557681
      4412     -0.050789875139
      4413     -0.050699137847
      4414     -0.050584979071
      4415     -0.050545985809
      4416     -0.050483470135
      4417     -0.050435160673
      4418     -0.050229256793
      4419     -0.050192348868
      4420     -0.050115732644
      4421     -0.050037167477
      4422     -0.049882373722
      4423     -0.049707136754
      4424     -0.049695264323
      4425     -0.049585327018
      4426     -0.049535724146
      4427     -0.049415030539
      4428     -0.049365975683
      4429     -0.049303760446
      4430     -0.049157082753
      4431     -0.049068823009
      4432     -0.049002235840
      4433     -0.048882935146
      4434     -0.048737501114
      4435     -0.048696803447
      4436     -0.048614675279
      4437     -0.048550916838
      4438     -0.048407069557
      4439     -0.048286167501
      4440     -0.048200888115
      4441     -0.048144572191
      4442     -0.048060602845
      4443     -0.048018326838
      4444     -0.047848601125
      4445     -0.047721667599
      4446     -0.047587926077
      4447     -0.047549144687
      4448     -0.047484213814
      4449     -0.047344208700
      4450     -0.047228694953
      4451     -0.047172480417
      4452     -0.047055912084
      4453     -0.046981901381
      4454     -0.046947271441
      4455     -0.046829203124
      4456     -0.046766863535
      4457     -0.046732492254
      4458     -0.046646072908
      4459     -0.046568767438
      4460     -0.046327568563
      4461     -0.046281143264
      4462     -0.046244826325
      4463     -0.046171483028
      4464     -0.046074216384
      4465     -0.046003501815
      4466     -0.045878249881
      4467     -0.045765301373
      4468     -0.045641733328
      4469     -0.045503856131
      4470     -0.045427680314
      4471     -0.045329622036
      4472     -0.045281636629
      4473     -0.045112043377
      4474     -0.045064282725
      4475     -0.045016172411
      4476     -0.044928307442
      4477     -0.044801327905
      4478     -0.044666343186
      4479     -0.044599898563
      4480     -0.044527345477
      4481     -0.044428547349
      4482     -0.044354916132
      4483     -0.044199407282
      4484     -0.044092120218
      4485     -0.043937954569
      4486     -0.043772489320
      4487     -0.043737954258
      4488     -0.043660210819
      4489     -0.043593803524
      4490     -0.043492817212
      4491     -0.043443879009
      4492     -0.043331546449
      4493     -0.043220266906
      4494     -0.043138844290
      4495     -0.042990380450
      4496     -0.042919510799
      4497     -0.042797421378
      4498     -0.042756183927
      4499     -0.042636591081
      4500     -0.042566049085
      4501     -0.042501793040
      4502     -0.042413038685
      4503     -0.042313475683
      4504     -0.042292636471
      4505     -0.042177416151
      4506     -0.042094718430
      4507     -0.042004221550
      4508     -0.041822555080
      4509     -0.041725664984
      4510     -0.041648867528
      4511     -0.041527513228
      4512     -0.041502602060
      4513     -0.041377732116
      4514     -0.041343256484
      4515     -0.041172652346
      4516     -0.041066027150
      4517     -0.040972374184
      4518     -0.040869936333
      4519     -0.040805687830
      4520     -0.040792396982
      4521     -0.040659734346
      4522     -0.040551924239
      4523     -0.040439831833
      4524     -0.040411350363
      4525     -0.040286805979
      4526     -0.040191939408
      4527     -0.040096925280
      4528     -0.040021014735
      4529     -0.040003238929
      4530     -0.039832574550
      4531     -0.039686123643
      4532     -0.039579698839
      4533     -0.039504242989
      4534     -0.039457487899
      4535     -0.039358737432
      4536     -0.039309769274
      4537     -0.039193106626
      4538     -0.039114681353
      4539     -0.038997938223
      4540     -0.038962161423
      4541     -0.038862500284
      4542     -0.038799583223
      4543     -0.038716986740
      4544     -0.038626819443
      4545     -0.038582955053
      4546     -0.038389515943
      4547     -0.038351436028
      4548     -0.038263751950
      4549     -0.038178338931
      4550     -0.038122898052
      4551     -0.038062562087
      4552     -0.037985338813
      4553     -0.037939268193
      4554     -0.037808527882
      4555     -0.037705141107
      4556     -0.037619218976
      4557     -0.037569297963
      4558     -0.037362151035
      4559     -0.037317632740
      4560     -0.037307495339
      4561     -0.037224512588
      4562     -0.037187789554
      4563     -0.037017923474
      4564     -0.036936526230
      4565     -0.036791702651
      4566     -0.036761098496
      4567     -0.036667952870
      4568     -0.036588245787
      4569     -0.036492229218
      4570     -0.036379774245
      4571     -0.036288138407
      4572     -0.036239554728
      4573     -0.036164960982
      4574     -0.036124016594
      4575     -0.036074543833
      4576     -0.035959461336
      4577     -0.035896142411
      4578     -0.035704180654
      4579     -0.035613441723
      4580     -0.035531343911
      4581     -0.035472056327
      4582     -0.035415426955
      4583     -0.035359496761
      4584     -0.035264916314
      4585     -0.035166625206
      4586     -0.034988655344
      4587     -0.034940359730
      4588     -0.034802620786
      4589     -0.034779649926
      4590     -0.034639916531
      4591     -0.034570077915
      4592     -0.034418057013
      4593     -0.034387653428
      4594     -0.034343813926
      4595     -0.034282956271
      4596     -0.034112459856
      4597     -0.034062415170
      4598     -0.034008086339
      4599     -0.033927403455
      4600     -0.033780688643
      4601     -0.033680487131
      4602     -0.033620823954
      4603     -0.033578350037
      4604     -0.033453143140
      4605     -0.033418086676
      4606     -0.033362129580
      4607     -0.033316693650
      4608     -0.033145178751
      4609     -0.033098327414
      4610     -0.032909835855
      4611     -0.032811904512
      4612     -0.032673960546
      4613     -0.032643587275
      4614     -0.032618929346
      4615     -0.032460277144
      4616     -0.032412974402
      4617     -0.032261783421
      4618     -0.032186890646
      4619     -0.032142890905
      4620     -0.032018669430
      4621     -0.031917219002
      4622     -0.031792401205
      4623     -0.031732500072
      4624     -0.031686829525
      4625     -0.031605917975
      4626     -0.031495967080
      4627     -0.031457195371
      4628     -0.031349312773
      4629     -0.031193630108
      4630     -0.031164235635
      4631     -0.031119651493
      4632     -0.030955272232
      4633     -0.030923689644
      4634     -0.030754407387
      4635     -0.030654925762
      4636     -0.030519744885
      4637     -0.030460798806
      4638     -0.030324003047
      4639     -0.030253397544
      4640     -0.030190072046
      4641     -0.029916082932
      4642     -0.029823555048
      4643     -0.029784218894
      4644     -0.029679158489
      4645     -0.029612365649
      4646     -0.029566238331
      4647     -0.029445736645
      4648     -0.029360838417
      4649     -0.029308240425
      4650     -0.029175223770
      4651     -0.029050276440
      4652     -0.028853796465
      4653     -0.028829783493
      4654     -0.028701218795
      4655     -0.028670910451
      4656     -0.028568228629
      4657     -0.028514962456
      4658     -0.028449790855
      4659     -0.028212473479
      4660     -0.028116150805
      4661     -0.027952916009
      4662     -0.027906392813
      4663     -0.027881480597
      4664     -0.027819370611
      4665     -0.027694381398
      4666     -0.027619643474
      4667     -0.027513751523
      4668     -0.027465466043
      4669     -0.027312366295
      4670     -0.027249419637
      4671     -0.027185171015
      4672     -0.027071580952
      4673     -0.026895882828
      4674     -0.026851551169
      4675     -0.026795217924
      4676     -0.026698722547
      4677     -0.026677334520
      4678     -0.026569219153
      4679     -0.026485890441
      4680     -0.026397008763
      4681     -0.026160123065
      4682     -0.025995837678
      4683     -0.025929986695
      4684     -0.025882990401
      4685     -0.025685829992
      4686     -0.025647125527
      4687     -0.025559061584
      4688     -0.025440059109
      4689     -0.025355378030
      4690     -0.025245424484
      4691     -0.025225841511
      4692     -0.025022294436
      4693     -0.024954375000
      4694     -0.024938028555
      4695     -0.024757140189
      4696     -0.024701202909
      4697     -0.024593013003
      4698     -0.024486549009
      4699     -0.024437232491
      4700     -0.024217775839
      4701     -0.024178479848
      4702     -0.024097623524
      4703     -0.024042452548
      4704     -0.023889189762
      4705     -0.023868841274
      4706     -0.023840974640
      4707     -0.023691829678
      4708     -0.023630781694
      4709     -0.023555017495
      4710     -0.023372461079
      4711     -0.023311031320
      4712     -0.023203729596
      4713     -0.023125578977
      4714     -0.022995527710
      4715     -0.022909552668
      4716     -0.022846861968
      4717     -0.022710379459
      4718     -0.022621650550
      4719     -0.022472180572
      4720     -0.022430550568
      4721     -0.022304243818
      4722     -0.022248366045
      4723     -0.022030992402
      4724     -0.021924775577
      4725     -0.021839930237
      4726     -0.021787980146
      4727     -0.021699841040
      4728     -0.021608497453
      4729     -0.021555859598
      4730     -0.021452158204
      4731     -0.021372955559
      4732     -0.021319990467
      4733     -0.021181733664
      4734     -0.021042509345
      4735     -0.020957163727
      4736     -0.020853325923
      4737     -0.020711641652
      4738     -0.020635973894
      4739     -0.020574893683
      4740     -0.020466626680
      4741     -0.020435999103
      4742     -0.020290226954
      4743     -0.020186277987
      4744     -0.020048343105
      4745     -0.019933680042
      4746     -0.019875456393
      4747     -0.019747150404
      4748     -0.019712214690
      4749     -0.019629234279
      4750     -0.019475283506
      4751     -0.019435770139
      4752     -0.019362072763
      4753     -0.019229536243
      4754     -0.019113638605
      4755     -0.019079348015
      4756     -0.018966613293
      4757     -0.018765231720
      4758     -0.018700866295
      4759     -0.018630360925
      4760     -0.018489545414
      4761     -0.018340764254
      4762     -0.018319989043
      4763     -0.018300043554
      4764     -0.018066912710
      4765     -0.017990043993
      4766     -0.017891271689
      4767     -0.017845061418
      4768     -0.017761978794
      4769     -0.017585835208
      4770     -0.017508668496
      4771     -0.017419733310
      4772     -0.017350921641
      4773     -0.017265002255
      4774     -0.017215451736
      4775     -0.017087879793
      4776     -0.016844480655
      4777     -0.016826496403
      4778     -0.016747889514
      4779     -0.016599295637
      4780     -0.016574015461
      4781     -0.016397514514
      4782     -0.016356463737
      4783     -0.016149310970
      4784     -0.016096257149
      4785     -0.016060185304
      4786     -0.015955402696
      4787     -0.015849033027
      4788     -0.015741528342
      4789     -0.015619450331
      4790     -0.015585461046
      4791     -0.015313400382
      4792     -0.015283920480
      4793     -0.015207701082
      4794     -0.015189944509
      4795     -0.015018765113
      4796     -0.014975983370
      4797     -0.014859433609
      4798     -0.014715701041
      4799     -0.014656233726
      4800     -0.014472522615
      4801     -0.014430692875
      4802     -0.014332547563
      4803     -0.014303744919
      4804     -0.014145485007
      4805     -0.013944347687
      4806     -0.013914611160
      4807     -0.013841877843
      4808     -0.013732055260
      4809     -0.013678205627
      4810     -0.013467083638
      4811     -0.013356847002
      4812     -0.013301620817
      4813     -0.013281018389
      4814     -0.013194292818
      4815     -0.013138658869
      4816     -0.013007549143
      4817     -0.012917958886
      4818     -0.012847860624
      4819     -0.012696921031
      4820     -0.012563527041
      4821     -0.012528529924
      4822     -0.012486222883
      4823     -0.012441077543
      4824     -0.012304818799
      4825     -0.012228266867
      4826     -0.012108397968
      4827     -0.011962126870
      4828     -0.011883940392
      4829     -0.011854879809
      4830     -0.011771513989
      4831     -0.011627088807
      4832     -0.011522445114
      4833     -0.011442048327
      4834     -0.011329866183
      4835     -0.011274552763
      4836     -0.011217936283
      4837     -0.011088854462
      4838     -0.010986885152
      4839     -0.010957624120
      4840     -0.010829343497
      4841     -0.010790966252
      4842     -0.010563239561
      4843     -0.010529075358
      4844     -0.010444876055
      4845     -0.010231451021
      4846     -0.010190638999
      4847     -0.010151684812
      4848     -0.009995106393
      4849     -0.009857639744
      4850     -0.009768591076
      4851     -0.009676214014
      4852     -0.009597383888
      4853     -0.009480644428
      4854     -0.009426868916
      4855     -0.009219890433
      4856     -0.009145904886
      4857     -0.009030002003
      4858     -0.008979709993
      4859     -0.008934165459
      4860     -0.008865348957
      4861     -0.008773675983
      4862     -0.008635216530
      4863     -0.008537314843
      4864     -0.008517288003
      4865     -0.008350498234
      4866     -0.008240037988
      4867     -0.008199640761
      4868     -0.008018305443
      4869     -0.007910596057
      4870     -0.007829575616
      4871     -0.007757575894
      4872     -0.007697265241
      4873     -0.007650582906
      4874     -0.007581792272
      4875     -0.007488127837
      4876     -0.007404815641
      4877     -0.007344749690
      4878     -0.007251251628
      4879     -0.007150969755
      4880     -0.007111739152
      4881     -0.006983059532
      4882     -0.006919860640
      4883     -0.006766375307
      4884     -0.006750162967
      4885     -0.006645380051
      4886     -0.006543909217
      4887     -0.006446081091
      4888     -0.006332746647
      4889     -0.006238402556
      4890     -0.006190095856
      4891     -0.006132716903
      4892     -0.005994542924
      4893     -0.005913033968
      4894     -0.005789482152
      4895     -0.005722745042
      4896     -0.005606325423
      4897     -0.005489398185
      4898     -0.005375962766
      4899     -0.005311887316
      4900     -0.005248679650
      4901     -0.005072221189
      4902     -0.005051823627
      4903     -0.004951148544
      4904     -0.004902412846
      4905     -0.004802750012
      4906     -0.004664960443
      4907     -0.004595584972
      4908     -0.004537658511
      4909     -0.004448020224
      4910     -0.004376703124
      4911     -0.004356402068
      4912     -0.004263976029
      4913     -0.004197387764
      4914     -0.004054457739
      4915     -0.003978451941
      4916     -0.003895508900
      4917     -0.003796166584
      4918     -0.003770991803
      4919     -0.003630652540
      4920     -0.003511946245
      4921     -0.003437864165
      4922     -0.003353951823
      4923     -0.003298486623
      4924     -0.003176419363
      4925     -0.003110137430
      4926     -0.003054128932
      4927     -0.002908101266
      4928     -0.002845842380
      4929     -0.002789363812
      4930     -0.002666456726
      4931     -0.002573046054
      4932     -0.002543120568
      4933     -0.002411577845
      4934     -0.002369963862
      4935     -0.002253813788
      4936     -0.002183759058
      4937     -0.002073037205
      4938     -0.001988470134
      4939     -0.001925014156
      4940     -0.001768627082
      4941     -0.001592495174
      4942     -0.001519108845
      4943     -0.001441632338
      4944     -0.001375938166
      4945     -0.001241348906
      4946     -0.001205648432
      4947     -0.001091333818
      4948     -0.001011071291
      4949     -0.000943513447
      4950     -0.000858815995
      4951     -0.000783763315
      4952     -0.000709440993
      4953     -0.000585146153
      4954     -0.000456300890
      4955     -0.000343476265
      4956     -0.000203213804
      4957     -0.000150514328
      4958     -0.000067093752
      4959     -0.000010747768
      4960      0.000074565803
      4961      0.000113616400
      4962      0.000219173113
      4963      0.000296662022
      4964      0.000385683623
      4965      0.000492857650
      4966      0.000624504425
      4967      0.000654758205
      4968      0.000919160191
      4969      0.000946794767
      4970      0.001009259970
      4971      0.001020574848
      4972      0.001138624708
      4973      0.001269586203
      4974      0.001336009272
      4975      0.001477916270
      4976      0.001513620756
      4977      0.001614787506
      4978      0.001792099902
      4979      0.001927275553
      4980      0.001973420829
      4981      0.002129289330
      4982      0.002141541618
      4983      0.002266372384
      4984      0.002313944479
      4985      0.002390254234
      4986      0.002556040968
      4987      0.002607363663
      4988      0.002679034021
      4989      0.002744433412
      4990      0.002874309826
      4991      0.002952760553
      4992      0.003164966949
      4993      0.003246460092
      4994      0.003296047994
      4995      0.003355691670
      4996      0.003482067301
      4997      0.003653546821
      4998      0.003681092050
      4999      0.003700047460
      5000      0.003763213518
      5001      0.003922065257
      5002      0.004056872069
      5003      0.004100576561
      5004      0.004131779258
      5005      0.004295446739
      5006      0.004353517804
      5007      0.004426770629
      5008      0.004517894819
      5009      0.004541561692
      5010      0.004636075026
      5011      0.004714778950
      5012      0.004793859777
      5013      0.004985736294
      5014      0.005054417050
      5015      0.005102855929
      5016      0.005222223520
      5017      0.005353862949
      5018      0.005369105352
      5019      0.005557573443
      5020      0.005724824030
      5021      0.005816671351
      5022      0.005864864069
      5023      0.005937195529
      5024      0.006086287646
      5025      0.006106789629
      5026      0.006294248279
      5027      0.006303460002
      5028      0.006414633883
      5029      0.006458808282
      5030      0.006580246830
      5031      0.006745933087
      5032      0.006793325975
      5033      0.006815399544
      5034      0.006948565373
      5035      0.007007068661
      5036      0.007143030087
      5037      0.007238068596
      5038      0.007412593588
      5039      0.007429856396
      5040      0.007476284330
      5041      0.007514249432
      5042      0.007630574106
      5043      0.007733325139
      5044      0.007771770877
      5045      0.007917180209
      5046      0.007988942549
      5047      0.008059314554
      5048      0.008220825083
      5049      0.008344753304
      5050      0.008396992304
      5051      0.008480368527
      5052      0.008535614803
      5053      0.008625704674
      5054      0.008667945253
      5055      0.008768962588
      5056      0.008856852626
      5057      0.009008358726
      5058      0.009204381438
      5059      0.009240738932
      5060      0.009313302840
      5061      0.009408763979
      5062      0.009474269243
      5063      0.009645769851
      5064      0.009652864698
      5065      0.009753487697
      5066      0.009820755417
      5067      0.009946525840
      5068      0.009987824136
      5069      0.010018382322
      5070      0.010146821154
      5071      0.010293129371
      5072      0.010402827262
      5073      0.010461726547
      5074      0.010527718704
      5075      0.010654455667
      5076      0.010792554210
      5077      0.010810292030
      5078      0.011029260639
      5079      0.011052638249
      5080      0.011130233290
      5081      0.011255413094
      5082      0.011384655907
      5083      0.011414436984
      5084      0.011466140722
      5085      0.011663747207
      5086      0.011713097541
      5087      0.011734416073
      5088      0.011843383889
      5089      0.011873573202
      5090      0.012013697745
      5091      0.012046025568
      5092      0.012159677748
      5093      0.012258751583
      5094      0.012314080440
      5095      0.012372041228
      5096      0.012485572462
      5097      0.012539136469
      5098      0.012643124167
      5099      0.012793490559
      5100      0.012832751465
      5101      0.012914254979
      5102      0.013026092947
      5103      0.013129413471
      5104      0.013207143751
      5105      0.013271479859
      5106      0.013348927607
      5107      0.013408565762
      5108      0.013532744240
      5109      0.013555966739
      5110      0.013625644409
      5111      0.013659400348
      5112      0.013822397574
      5113      0.013852453567
      5114      0.014057715578
      5115      0.014122083292
      5116      0.014236395959
      5117      0.014290133687
      5118      0.014396096600
      5119      0.014486400490
      5120      0.014545868536
      5121      0.014598675091
      5122      0.014671635363
      5123      0.014728245162
      5124      0.014889671775
      5125      0.014966407870
      5126      0.014990467822
      5127      0.015084934926
      5128      0.015131783640
      5129      0.015222733261
      5130      0.015256245403
      5131      0.015412584715
      5132      0.015454739429
      5133      0.015530906680
      5134      0.015589499970
      5135      0.015635714990
      5136      0.015653909122
      5137      0.015832234247
      5138      0.016056032727
      5139      0.016116068916
      5140      0.016134036183
      5141      0.016170239923
      5142      0.016259840848
      5143      0.016335059265
      5144      0.016388541119
      5145      0.016477498512
      5146      0.016516820259
      5147      0.016607718111
      5148      0.016680536162
      5149      0.016808995222
      5150      0.016913051285
      5151      0.017051631120
      5152      0.017177077513
      5153      0.017212326329
      5154      0.017254465310
      5155      0.017305885789
      5156      0.017359012383
      5157      0.017483145076
      5158      0.017536837500
      5159      0.017618389711
      5160      0.017656790620
      5161      0.017747806956
      5162      0.017857180999
      5163      0.017957149756
      5164      0.018063126258
      5165      0.018134018509
      5166      0.018266501293
      5167      0.018302293541
      5168      0.018406914625
      5169      0.018459533795
      5170      0.018476056183
      5171      0.018618276839
      5172      0.018638304258
      5173      0.018719462969
      5174      0.018822710602
      5175      0.019008951268
      5176      0.019031099189
      5177      0.019124909175
      5178      0.019184802481
      5179      0.019280085227
      5180      0.019343598680
      5181      0.019373576215
      5182      0.019453153202
      5183      0.019588819626
      5184      0.019640080997
      5185      0.019776467606
      5186      0.019817965914
      5187      0.019941587636
      5188      0.020006604963
      5189      0.020107912855
      5190      0.020143680231
      5191      0.020260815764
      5192      0.020335451463
      5193      0.020407540114
      5194      0.020490798258
      5195      0.020636245654
      5196      0.020653681682
      5197      0.020703481989
      5198      0.020712103885
      5199      0.020783081350
      5200      0.020848391215
      5201      0.020926882780
      5202      0.021069985714
      5203      0.021215254317
      5204      0.021226666773
      5205      0.021291590073
      5206      0.021371152126
      5207      0.021453662841
      5208      0.021551072452
      5209      0.021603130285
      5210      0.021657747897
      5211      0.021673281709
      5212      0.021752799132
      5213      0.021911474613
      5214      0.021954565225
      5215      0.022110655379
      5216      0.022153899678
      5217      0.022174049046
      5218      0.022279086787
      5219      0.022440551379
      5220      0.022501816747
      5221      0.022573257366
      5222      0.022690926308
      5223      0.022697145419
      5224      0.022758617248
      5225      0.022789167126
      5226      0.022989866884
      5227      0.023125822004
      5228      0.023210467589
      5229      0.023239743166
      5230      0.023394443962
      5231      0.023409095097
      5232      0.023509369793
      5233      0.023605469315
      5234      0.023698368155
      5235      0.023723879798
      5236      0.023771506550
      5237      0.023835764946
      5238      0.023899688434
      5239      0.023966910025
      5240      0.024103615236
      5241      0.024147584713
      5242      0.024239653427
      5243      0.024300529184
      5244      0.024353165159
      5245      0.024497327570
      5246      0.024594151329
      5247      0.024660614313
      5248      0.024675905079
      5249      0.024728222407
      5250      0.024772712765
      5251      0.024858219290
      5252      0.024959289929
      5253      0.024978773445
      5254      0.025068342899
      5255      0.025158985033
      5256      0.025239975749
      5257      0.025293946378
      5258      0.025346100053
      5259      0.025477435719
      5260      0.025521311074
      5261      0.025662864208
      5262      0.025715310454
      5263      0.025832976136
      5264      0.025883753134
      5265      0.025951794384
      5266      0.025968450330
      5267      0.026021758844
      5268      0.026087551642
      5269      0.026236512854
      5270      0.026276480358
      5271      0.026390482541
      5272      0.026410092705
      5273      0.026519545171
      5274      0.026639717685
      5275      0.026674901138
      5276      0.026736704734
      5277      0.026829187351
      5278      0.026864785793
      5279      0.026978530865
      5280      0.026997399168
      5281      0.027061050583
      5282      0.027163163935
      5283      0.027195988929
      5284      0.027282272762
      5285      0.027408201875
      5286      0.027490205104
      5287      0.027530627012
      5288      0.027590908685
      5289      0.027639189057
      5290      0.027693834573
      5291      0.027808954066
      5292      0.027837924922
      5293      0.027919895791
      5294      0.028084296179
      5295      0.028158043033
      5296      0.028231313077
      5297      0.028329427598
      5298      0.028445688192
      5299      0.028476736946
      5300      0.028581476086
      5301      0.028609480222
      5302      0.028679091404
      5303      0.028691783085
      5304      0.028729782681
      5305      0.028770588431
      5306      0.028806423178
      5307      0.028894474665
      5308      0.028984653822
      5309      0.029066072225
      5310      0.029175401819
      5311      0.029217977343
      5312      0.029306776177
      5313      0.029329691924
      5314      0.029429108758
      5315      0.029511387677
      5316      0.029546982316
      5317      0.029607134425
      5318      0.029706745791
      5319      0.029839958843
      5320      0.029888482132
      5321      0.029950977302
      5322      0.029984240061
      5323      0.030026925815
      5324      0.030131172977
      5325      0.030153937288
      5326      0.030194575436
      5327      0.030242331105
      5328      0.030376083865
      5329      0.030414531609
      5330      0.030473426429
      5331      0.030576663333
      5332      0.030595464339
      5333      0.030672988781
      5334      0.030769773649
      5335      0.030788546891
      5336      0.030912622949
      5337      0.030933846287
      5338      0.031018435303
      5339      0.031103767599
      5340      0.031177815185
      5341      0.031214225555
      5342      0.031296224580
      5343      0.031324177802
      5344      0.031379354642
      5345      0.031408434824
      5346      0.031491070988
      5347      0.031546294350
      5348      0.031627510245
      5349      0.031701205705
      5350      0.031760568854
      5351      0.031856785459
      5352      0.031868486528
      5353      0.031936880728
      5354      0.032019618742
      5355      0.032093194157
      5356      0.032161076261
      5357      0.032183292315
      5358      0.032309038935
      5359      0.032412407742
      5360      0.032453739840
      5361      0.032474076772
      5362      0.032537573052
      5363      0.032621715461
      5364      0.032698998790
      5365      0.032826355750
      5366      0.032851481544
      5367      0.032910228124
      5368      0.032952556444
      5369      0.033001181352
      5370      0.033039470655
      5371      0.033120490554
      5372      0.033176220088
      5373      0.033264057154
      5374      0.033280797587
      5375      0.033321033056
      5376      0.033419495528
      5377      0.033463390992
      5378      0.033486160162
      5379      0.033616682132
      5380      0.033717763809
      5381      0.033736647179
      5382      0.033785170875
      5383      0.033867734260
      5384      0.033970194450
      5385      0.033994486239
      5386      0.034042896472
      5387      0.034081299865
      5388      0.034183850824
      5389      0.034216877948
      5390      0.034284811307
      5391      0.034362702294
      5392      0.034467229711
      5393      0.034521790698
      5394      0.034662255025
      5395      0.034691531095
      5396      0.034728518582
      5397      0.034771593980
      5398      0.034928078717
      5399      0.034971572563
      5400      0.035038521661
      5401      0.035083706563
      5402      0.035164086770
      5403      0.035226305288
      5404      0.035233381946
      5405      0.035361305732
      5406      0.035425945194
      5407      0.035490191674
      5408      0.035530285889
      5409      0.035553261137
      5410      0.035663051608
      5411      0.035705726851
      5412      0.035757152973
      5413      0.035826791586
      5414      0.035956024817
      5415      0.036046148058
      5416      0.036047235688
      5417      0.036177080808
      5418      0.036236862469
      5419      0.036286809309
      5420      0.036342011693
      5421      0.036413839654
      5422      0.036447450488
      5423      0.036488186901
      5424      0.036604970927
      5425      0.036624245878
      5426      0.036744851924
      5427      0.036771808419
      5428      0.036808800959
      5429      0.036924093096
      5430      0.036958173313
      5431      0.037063389268
      5432      0.037099481334
      5433      0.037222772673
      5434      0.037242871349
      5435      0.037314538487
      5436      0.037351171346
      5437      0.037440139557
      5438      0.037548119579
      5439      0.037580397630
      5440      0.037682016770
      5441      0.037712925815
      5442      0.037775474286
      5443      0.037802161590
      5444      0.037856499626
      5445      0.037985714564
      5446      0.038088897396
      5447      0.038113988490
      5448      0.038146857776
      5449      0.038233769140
      5450      0.038263450353
      5451      0.038349207807
      5452      0.038489683844
      5453      0.038558344871
      5454      0.038572948684
      5455      0.038677863558
      5456      0.038723126748
      5457      0.038788716821
      5458      0.038860566903
      5459      0.038930762566
      5460      0.039016453704
      5461      0.039079604283
      5462      0.039169084247
      5463      0.039212115480
      5464      0.039218375273
      5465      0.039304076624
      5466      0.039335913560
      5467      0.039390970416
      5468      0.039439347621
      5469      0.039462376531
      5470      0.039530074187
      5471      0.039597197160
      5472      0.039700064928
      5473      0.039789845745
      5474      0.039810818513
      5475      0.039841518358
      5476      0.039929688137
      5477      0.040006044741
      5478      0.040110766554
      5479      0.040150522729
      5480      0.040217939934
      5481      0.040256336149
      5482      0.040288741119
      5483      0.040368798233
      5484      0.040442073622
      5485      0.040456965545
      5486      0.040497161409
      5487      0.040602913022
      5488      0.040713757872
      5489      0.040796179673
      5490      0.040836650676
      5491      0.040920584848
      5492      0.040937747065
      5493      0.041036789315
      5494      0.041122816109
      5495      0.041171540746
      5496      0.041288573665
      5497      0.041324943834
      5498      0.041425619795
      5499      0.041471799051
      5500      0.041537349258
      5501      0.041624729990
      5502      0.041640409549
      5503      0.041671577718
      5504      0.041704933554
      5505      0.041765663643
      5506      0.041871999527
      5507      0.041955377250
      5508      0.041964574076
      5509      0.042019982597
      5510      0.042091445190
      5511      0.042206037521
      5512      0.042228245918
      5513      0.042325917947
      5514      0.042361775255
      5515      0.042401590602
      5516      0.042449625182
      5517      0.042518691359
      5518      0.042557514188
      5519      0.042620109274
      5520      0.042733684032
      5521      0.042851516972
      5522      0.042886694631
      5523      0.042946976914
      5524      0.042998804799
      5525      0.043046768016
      5526      0.043079434737
      5527      0.043141716931
      5528      0.043220479824
      5529      0.043278783965
      5530      0.043370313049
      5531      0.043394845573
      5532      0.043455000389
      5533      0.043547123838
      5534      0.043568654132
      5535      0.043658144124
      5536      0.043715813603
      5537      0.043825753293
      5538      0.043840765686
      5539      0.043896814040
      5540      0.043951426831
      5541      0.044009378000
      5542      0.044075766302
      5543      0.044110099220
      5544      0.044125934414
      5545      0.044252576624
      5546      0.044273449329
      5547      0.044363547266
      5548      0.044401496941
      5549      0.044480125606
      5550      0.044536279781
      5551      0.044594190403
      5552      0.044643214044
      5553      0.044755819488
      5554      0.044816416546
      5555      0.044847849435
      5556      0.044894979138
      5557      0.044948912421
      5558      0.044997895774
      5559      0.045026123706
      5560      0.045106498243
      5561      0.045148551695
      5562      0.045233587236
      5563      0.045266520799
      5564      0.045350386534
      5565      0.045407352689
      5566      0.045464747022
      5567      0.045532758287
      5568      0.045543458052
      5569      0.045644193049
      5570      0.045721454772
      5571      0.045742103878
      5572      0.045842528635
      5573      0.045873189359
      5574      0.045950093866
      5575      0.046007026764
      5576      0.046101958584
      5577      0.046120306875
      5578      0.046185050984
      5579      0.046206356244
      5580      0.046299413479
      5581      0.046352678389
      5582      0.046390643976
      5583      0.046454168483
      5584      0.046537914285
      5585      0.046632521668
      5586      0.046647797506
      5587      0.046665624883
      5588      0.046769403042
      5589      0.046845192240
      5590      0.046920529620
      5591      0.046944325637
      5592      0.047072596035
      5593      0.047114402021
      5594      0.047180109419
      5595      0.047243483330
      5596      0.047328832472
      5597      0.047373802987
      5598      0.047434646844
      5599      0.047486338265
      5600      0.047521012008
      5601      0.047566800616
      5602      0.047607405649
      5603      0.047684090319
      5604      0.047740244350
      5605      0.047813033914
      5606      0.047849064213
      5607      0.047927894841
      5608      0.047960052361
      5609      0.048037736595
      5610      0.048065427798
      5611      0.048171010335
      5612      0.048239924401
      5613      0.048301832077
      5614      0.048337041017
      5615      0.048353395215
      5616      0.048402167736
      5617      0.048498487897
      5618      0.048507520800
      5619      0.048605138813
      5620      0.048630137405
      5621      0.048660641667
      5622      0.048836402537
      5623      0.048854178338
      5624      0.048944193328
      5625      0.048967966799
      5626      0.049066568932
      5627      0.049148760035
      5628      0.049200026265
      5629      0.049262609075
      5630      0.049294715358
      5631      0.049415934296
      5632      0.049450715965
      5633      0.049504248630
      5634      0.049519825143
      5635      0.049559737976
      5636      0.049652860512
      5637      0.049684264211
      5638      0.049757961951
      5639      0.049827356463
      5640      0.049883139054
      5641      0.049923333215
      5642      0.049964755946
      5643      0.049983503138
      5644      0.050055774555
      5645      0.050176332365
      5646      0.050197338528
      5647      0.050275560430
      5648      0.050357496776
      5649      0.050444218154
      5650      0.050472253986
      5651      0.050492043279
      5652      0.050577526255
      5653      0.050598626399
      5654      0.050658128866
      5655      0.050715188771
      5656      0.050795746163
      5657      0.050859881375
      5658      0.050912583783
      5659      0.050964277007
      5660      0.050993586396
      5661      0.051043170062
      5662      0.051087125254
      5663      0.051099335670
      5664      0.051214803312
      5665      0.051261436534
      5666      0.051334789175
      5667      0.051344810506
      5668      0.051425990707
      5669      0.051458591585
      5670      0.051492311275
      5671      0.051634658880
      5672      0.051710251724
      5673      0.051759635693
      5674      0.051826929068
      5675      0.051905234509
      5676      0.051977356518
      5677      0.052005091784
      5678      0.052071371781
      5679      0.052130001795
      5680      0.052204251061
      5681      0.052234173622
      5682      0.052342041546
      5683      0.052365211955
      5684      0.052438157765
      5685      0.052468310004
      5686      0.052496996074
      5687      0.052565627924
      5688      0.052625416090
      5689      0.052706956176
      5690      0.052731186418
      5691      0.052808310090
      5692      0.052848163125
      5693      0.052866195100
      5694      0.052983878751
      5695      0.053043186983
      5696      0.053161154073
      5697      0.053216786478
      5698      0.053246187916
      5699      0.053272027148
      5700      0.053334885954
      5701      0.053360462331
      5702      0.053436432866
      5703      0.053483977831
      5704      0.053538446970
      5705      0.053666596424
      5706      0.053687429415
      5707      0.053748151216
      5708      0.053781679039
      5709      0.053829876625
      5710      0.053862792843
      5711      0.053910918354
      5712      0.053979381192
      5713      0.054019560839
      5714      0.054081744744
      5715      0.054168107244
      5716      0.054234614254
      5717      0.054275462060
      5718      0.054318349945
      5719      0.054397072495
      5720      0.054434523005
      5721      0.054527761363
      5722      0.054571013590
      5723      0.054587355029
      5724      0.054693534660
      5725      0.054739055252
      5726      0.054784776606
      5727      0.054886296541
      5728      0.054904772395
      5729      0.054967643594
      5730      0.055025093087
      5731      0.055062358511
      5732      0.055142114307
      5733      0.055181510142
      5734      0.055220814364
      5735      0.055267818613
      5736      0.055313531446
      5737      0.055379752171
      5738      0.055446891471
      5739      0.055510745025
      5740      0.055542683328
      5741      0.055564739286
      5742      0.055656290009
      5743      0.055728442946
      5744      0.055788386722
      5745      0.055825911519
      5746      0.055982654415
      5747      0.056008557549
      5748      0.056049868189
      5749      0.056155727262
      5750      0.056186661134
      5751      0.056217177607
      5752      0.056247738135
      5753      0.056291239938
      5754      0.056413287636
      5755      0.056458780599
      5756      0.056512879965
      5757      0.056573088583
      5758      0.056667145330
      5759      0.056698719983
      5760      0.056735070529
      5761      0.056829131073
      5762      0.056854531249
      5763      0.056882476880
      5764      0.056913755640
      5765      0.056994381623
      5766      0.057032158721
      5767      0.057117344462
      5768      0.057173287951
      5769      0.057215390608
      5770      0.057252398337
      5771      0.057343073274
      5772      0.057464824723
      5773      0.057475405107
      5774      0.057513726432
      5775      0.057534238452
      5776      0.057638167220
      5777      0.057670514281
      5778      0.057705709181
      5779      0.057754762905
      5780      0.057796039996
      5781      0.057869182319
      5782      0.057911458288
      5783      0.057947227582
      5784      0.058005319770
      5785      0.058066098452
      5786      0.058081927236
      5787      0.058131724322
      5788      0.058214475861
      5789      0.058235574773
      5790      0.058323932246
      5791      0.058383983371
      5792      0.058457602229
      5793      0.058525433706
      5794      0.058596705571
      5795      0.058645607733
      5796      0.058658350801
      5797      0.058712463627
      5798      0.058764381828
      5799      0.058828162386
      5800      0.058897680681
      5801      0.058959506888
      5802      0.058997769096
      5803      0.059083051630
      5804      0.059107229361
      5805      0.059153070729
      5806      0.059283027199
      5807      0.059295841401
      5808      0.059369636198
      5809      0.059398392197
      5810      0.059463502482
      5811      0.059490877959
      5812      0.059572324087
      5813      0.059597541848
      5814      0.059635238728
      5815      0.059760832633
      5816      0.059811490750
      5817      0.059878630182
      5818      0.059952904326
      5819      0.060007789658
      5820      0.060069528555
      5821      0.060133424110
      5822      0.060145139401
      5823      0.060196616893
      5824      0.060266470743
      5825      0.060284261302
      5826      0.060343875142
      5827      0.060373835985
      5828      0.060440567412
      5829      0.060501396947
      5830      0.060525725526
      5831      0.060571189580
      5832      0.060627385044
      5833      0.060703065267
      5834      0.060756612823
      5835      0.060801995819
      5836      0.060830143614
      5837      0.060945880129
      5838      0.060995740252
      5839      0.061072859205
      5840      0.061088536089
      5841      0.061129556548
      5842      0.061177045175
      5843      0.061260400184
      5844      0.061309873361
      5845      0.061338651253
      5846      0.061425321387
      5847      0.061469716042
      5848      0.061535594720
      5849      0.061593373100
      5850      0.061607213326
      5851      0.061709038532
      5852      0.061739162791
      5853      0.061786087746
      5854      0.061885195542
      5855      0.061936006686
      5856      0.061975606808
      5857      0.062025387413
      5858      0.062099215674
      5859      0.062159512210
      5860      0.062185152121
      5861      0.062241348811
      5862      0.062308246021
      5863      0.062333539697
      5864      0.062396595598
      5865      0.062432415514
      5866      0.062473232026
      5867      0.062502134062
      5868      0.062542112371
      5869      0.062659278254
      5870      0.062701590652
      5871      0.062710714967
      5872      0.062749121776
      5873      0.062797998113
      5874      0.062834766139
      5875      0.062861932437
      5876      0.062900320559
      5877      0.063012379672
      5878      0.063058512343
      5879      0.063134191518
      5880      0.063222013787
      5881      0.063295156260
      5882      0.063307571359
      5883      0.063348618857
      5884      0.063400809892
      5885      0.063425083217
      5886      0.063504947915
      5887      0.063527260745
      5888      0.063636970670
      5889      0.063666921488
      5890      0.063698542215
      5891      0.063708170771
      5892      0.063803918338
      5893      0.063845247071
      5894      0.063949808720
      5895      0.063995665395
      5896      0.064017789051
      5897      0.064119602603
      5898      0.064158935087
      5899      0.064208419560
      5900      0.064230868646
      5901      0.064253068290
      5902      0.064335924878
      5903      0.064358075227
      5904      0.064450261242
      5905      0.064476327599
      5906      0.064509776482
      5907      0.064561137676
      5908      0.064650047147
      5909      0.064692533912
      5910      0.064713311599
      5911      0.064818491664
      5912      0.064840243866
      5913      0.064888471881
      5914      0.064967256560
      5915      0.065017509444
      5916      0.065075911279
      5917      0.065145364156
      5918      0.065202259514
      5919      0.065248207134
      5920      0.065289765647
      5921      0.065323973476
      5922      0.065393749817
      5923      0.065423125581
      5924      0.065445875852
      5925      0.065576805516
      5926      0.065605067828
      5927      0.065642577483
      5928      0.065760029601
      5929      0.065797770823
      5930      0.065849593707
      5931      0.065909538626
      5932      0.065962702902
      5933      0.066015566654
      5934      0.066028405676
      5935      0.066095749783
      5936      0.066119027027
      5937      0.066189557348
      5938      0.066226645212
      5939      0.066327654026
      5940      0.066390612613
      5941      0.066402288280
      5942      0.066431153432
      5943      0.066502848805
      5944      0.066543327530
      5945      0.066596151838
      5946      0.066686313207
      5947      0.066718158619
      5948      0.066777435162
      5949      0.066806251162
      5950      0.066870136311
      5951      0.066909159068
      5952      0.066964827124
      5953      0.067000584732
      5954      0.067064559532
      5955      0.067120393749
      5956      0.067221893227
      5957      0.067245375972
      5958      0.067274672420
      5959      0.067421468351
      5960      0.067453614905
      5961      0.067464841076
      5962      0.067539685960
      5963      0.067590341740
      5964      0.067656177707
      5965      0.067673556397
      5966      0.067756861385
      5967      0.067777902243
      5968      0.067812492587
      5969      0.067863264858
      5970      0.067950095871
      5971      0.068009473921
      5972      0.068024670778
      5973      0.068094605600
      5974      0.068125986174
      5975      0.068164092427
      5976      0.068240582861
      5977      0.068280273780
      5978      0.068322635298
      5979      0.068352823175
      5980      0.068385200263
      5981      0.068420427053
      5982      0.068520495789
      5983      0.068549300167
      5984      0.068590932059
      5985      0.068647734985
      5986      0.068675761160
      5987      0.068744316937
      5988      0.068814999002
      5989      0.068871617353
      5990      0.068893631189
      5991      0.068921867535
      5992      0.068962135679
      5993      0.069029962331
      5994      0.069058678926
      5995      0.069080931359
      5996      0.069121559097
      5997      0.069209278243
      5998      0.069248395503
      5999      0.069275017265
      6000      0.069327483956
      6001      0.069398013028
      6002      0.069416074595
      6003      0.069467636095
      6004      0.069485363934
      6005      0.069558667655
      6006      0.069579912875
      6007      0.069607331287
      6008      0.069725956789
      6009      0.069737425252
      6010      0.069807372598
      6011      0.069824652293
      6012      0.069877846423
      6013      0.069901063945
      6014      0.069986516759
      6015      0.070007355529
      6016      0.070096981408
      6017      0.070138459375
      6018      0.070189963007
      6019      0.070236570886
      6020      0.070296440320
      6021      0.070333803293
      6022      0.070369817916
      6023      0.070435822104
      6024      0.070451044084
      6025      0.070504263300
      6026      0.070579539975
      6027      0.070622018102
      6028      0.070683193457
      6029      0.070706295431
      6030      0.070769536573
      6031      0.070795681280
      6032      0.070871547109
      6033      0.070927199934
      6034      0.070944735216
      6035      0.070966337206
      6036      0.070986357435
      6037      0.071049975511
      6038      0.071152870929
      6039      0.071192784904
      6040      0.071223438002
      6041      0.071256721695
      6042      0.071314336357
      6043      0.071374004579
      6044      0.071396855807
      6045      0.071498478143
      6046      0.071505943399
      6047      0.071561977833
      6048      0.071590260792
      6049      0.071607849437
      6050      0.071671745039
      6051      0.071691292233
      6052      0.071728308559
      6053      0.071797867956
      6054      0.071829550641
      6055      0.071883485659
      6056      0.071950211941
      6057      0.072013822786
      6058      0.072058063216
      6059      0.072074117555
      6060      0.072136592948
      6061      0.072201369040
      6062      0.072218335422
      6063      0.072270963802
      6064      0.072321198176
      6065      0.072333839347
      6066      0.072348743941
      6067      0.072405594686
      6068      0.072458145288
      6069      0.072521607631
      6070      0.072553600193
      6071      0.072580493081
      6072      0.072618580973
      6073      0.072704293009
      6074      0.072737747153
      6075      0.072825171387
      6076      0.072899161320
      6077      0.072937552364
      6078      0.072966669170
      6079      0.073003018398
      6080      0.073042695499
      6081      0.073125202937
      6082      0.073198836696
      6083      0.073221878419
      6084      0.073233680393
      6085      0.073292701024
      6086      0.073346906940
      6087      0.073393755374
      6088      0.073402947772
      6089      0.073437557841
      6090      0.073503033227
      6091      0.073569562250
      6092      0.073643325305
      6093      0.073647000398
      6094      0.073761106867
      6095      0.073789681831
      6096      0.073815232386
      6097      0.073834653566
      6098      0.073923464747
      6099      0.073953185453
      6100      0.073992863226
      6101      0.074013554929
      6102      0.074053532421
      6103      0.074088646421
      6104      0.074158205980
      6105      0.074203352274
      6106      0.074305268273
      6107      0.074341687806
      6108      0.074369181350
      6109      0.074391644598
      6110      0.074439916540
      6111      0.074469632252
      6112      0.074523300609
      6113      0.074594599041
      6114      0.074620459578
      6115      0.074663982141
      6116      0.074672146898
      6117      0.074782987873
      6118      0.074809552863
      6119      0.074849756606
      6120      0.074894538589
      6121      0.074923526788
      6122      0.074970744290
      6123      0.075036060753
      6124      0.075061286652
      6125      0.075142061678
      6126      0.075196762926
      6127      0.075218836855
      6128      0.075258848451
      6129      0.075285893295
      6130      0.075338531483
      6131      0.075391637187
      6132      0.075415759885
      6133      0.075468797128
      6134      0.075496359234
      6135      0.075548990742
      6136      0.075613063693
      6137      0.075658338221
      6138      0.075699349864
      6139      0.075732399109
      6140      0.075789305141
      6141      0.075821258881
      6142      0.075857561785
      6143      0.075875755530
      6144      0.075946760330
      6145      0.076019186475
      6146      0.076061051569
      6147      0.076119274064
      6148      0.076141317428
      6149      0.076181952262
      6150      0.076294822764
      6151      0.076331256298
      6152      0.076362419833
      6153      0.076410282356
      6154      0.076470585676
      6155      0.076509031927
      6156      0.076560401517
      6157      0.076643920726
      6158      0.076655653444
      6159      0.076716526963
      6160      0.076735739308
      6161      0.076826053732
      6162      0.076857396468
      6163      0.076924934415
      6164      0.076950511925
      6165      0.076969711747
      6166      0.077017030085
      6167      0.077097345346
      6168      0.077129400298
      6169      0.077164054656
      6170      0.077242407732
      6171      0.077293530189
      6172      0.077382554714
      6173      0.077394827486
      6174      0.077424851089
      6175      0.077446376253
      6176      0.077482359312
      6177      0.077521646635
      6178      0.077549994351
      6179      0.077583549580
      6180      0.077680177629
      6181      0.077689494331
      6182      0.077743834051
      6183      0.077781621948
      6184      0.077866687700
      6185      0.077886808880
      6186      0.077923312839
      6187      0.078035053571
      6188      0.078068315745
      6189      0.078092975195
      6190      0.078107960950
      6191      0.078181356473
      6192      0.078269404098
      6193      0.078303438494
      6194      0.078327464182
      6195      0.078365578559
      6196      0.078410597755
      6197      0.078504095712
      6198      0.078565620797
      6199      0.078634334016
      6200      0.078665003986
      6201      0.078697584496
      6202      0.078792413645
      6203      0.078827697448
      6204      0.078852378392
      6205      0.078886419190
      6206      0.078976542602
      6207      0.078986076588
      6208      0.079017972510
      6209      0.079107003795
      6210      0.079146949657
      6211      0.079191368663
      6212      0.079237007328
      6213      0.079295346370
      6214      0.079352890416
      6215      0.079398824103
      6216      0.079437720455
      6217      0.079491678940
      6218      0.079553601183
      6219      0.079594597065
      6220      0.079636796845
      6221      0.079671936223
      6222      0.079735508272
      6223      0.079770045793
      6224      0.079807387091
      6225      0.079881564622
      6226      0.079912017101
      6227      0.079951473370
      6228      0.080038791183
      6229      0.080064126041
      6230      0.080096858480
      6231      0.080146460632
      6232      0.080233136056
      6233      0.080297437146
      6234      0.080304696979
      6235      0.080331890689
      6236      0.080402486978
      6237      0.080438770487
      6238      0.080483942625
      6239      0.080546601422
      6240      0.080588978662
      6241      0.080693710886
      6242      0.080719575655
      6243      0.080740861018
      6244      0.080797650399
      6245      0.080868109560
      6246      0.080897835155
      6247      0.080916133537
      6248      0.080968946129
      6249      0.081019906500
      6250      0.081090005589
      6251      0.081130074739
      6252      0.081177211673
      6253      0.081198709273
      6254      0.081273264837
      6255      0.081368007150
      6256      0.081391775656
      6257      0.081434825351
      6258      0.081443992722
      6259      0.081485483564
      6260      0.081514427678
      6261      0.081602637624
      6262      0.081635065619
      6263      0.081694615970
      6264      0.081794686970
      6265      0.081812072500
      6266      0.081844578882
      6267      0.081869515747
      6268      0.081925390235
      6269      0.081934718002
      6270      0.082020926325
      6271      0.082085579628
      6272      0.082101693132
      6273      0.082199429487
      6274      0.082213729757
      6275      0.082248435807
      6276      0.082319418772
      6277      0.082342904674
      6278      0.082361132756
      6279      0.082402787352
      6280      0.082471512516
      6281      0.082522618479
      6282      0.082574308381
      6283      0.082600289039
      6284      0.082659649512
      6285      0.082735752729
      6286      0.082807708461
      6287      0.082816063676
      6288      0.082874450469
      6289      0.082956774874
      6290      0.082995575409
      6291      0.083006370259
      6292      0.083085249343
      6293      0.083167037463
      6294      0.083187321921
      6295      0.083230700032
      6296      0.083243015834
      6297      0.083385942720
      6298      0.083411369397
      6299      0.083471054212
      6300      0.083501069106
      6301      0.083512673037
      6302      0.083572401082
      6303      0.083651791678
      6304      0.083697834097
      6305      0.083735036204
      6306      0.083798285900
      6307      0.083845289188
      6308      0.083877411595
      6309      0.083904606429
      6310      0.083963008082
      6311      0.083976179519
      6312      0.084053089661
      6313      0.084106129703
      6314      0.084114732084
      6315      0.084152261195
      6316      0.084232076199
      6317      0.084318350336
      6318      0.084360196938
      6319      0.084388436039
      6320      0.084450869813
      6321      0.084523870971
      6322      0.084558766792
      6323      0.084623668902
      6324      0.084656653903
      6325      0.084684371940
      6326      0.084702329818
      6327      0.084817692726
      6328      0.084844482464
      6329      0.084865972748
      6330      0.084909706905
      6331      0.084973263807
      6332      0.085040829486
      6333      0.085081665543
      6334      0.085132576078
      6335      0.085182829980
      6336      0.085212840662
      6337      0.085250777459
      6338      0.085275182120
      6339      0.085345695321
      6340      0.085404619089
      6341      0.085412313187
      6342      0.085485211712
      6343      0.085505438211
      6344      0.085567500391
      6345      0.085612695409
      6346      0.085633162554
      6347      0.085688976360
      6348      0.085737746834
      6349      0.085760803341
      6350      0.085817692227
      6351      0.085870114209
      6352      0.085902050935
      6353      0.085947220029
      6354      0.086025563058
      6355      0.086081746924
      6356      0.086103984946
      6357      0.086162432281
      6358      0.086241511454
      6359      0.086257752599
      6360      0.086289841528
      6361      0.086320263070
      6362      0.086352704104
      6363      0.086403794378
      6364      0.086442715951
      6365      0.086493914214
      6366      0.086514069462
      6367      0.086532631465
      6368      0.086608957323
      6369      0.086615348728
      6370      0.086701538609
      6371      0.086732249331
      6372      0.086782159063
      6373      0.086846762379
      6374      0.086880271531
      6375      0.086981797271
      6376      0.087015741467
      6377      0.087041289043
      6378      0.087092009092
      6379      0.087115802642
      6380      0.087176800256
      6381      0.087226376350
      6382      0.087273348585
      6383      0.087318552394
      6384      0.087370689934
      6385      0.087384965695
      6386      0.087441421884
      6387      0.087465919055
      6388      0.087546992875
      6389      0.087593287597
      6390      0.087610719943
      6391      0.087635122651
      6392      0.087744609887
      6393      0.087797151115
      6394      0.087816052498
      6395      0.087838153726
      6396      0.087874263718
      6397      0.087951166228
      6398      0.087983118721
      6399      0.088028946980
      6400      0.088075605733
      6401      0.088121964055
      6402      0.088179992509
      6403      0.088213911000
      6404      0.088225477327
      6405      0.088270106765
      6406      0.088319858642
      6407      0.088380634004
      6408      0.088448806658
      6409      0.088478622857
      6410      0.088495574632
      6411      0.088538962392
      6412      0.088611243986
      6413      0.088670764558
      6414      0.088689790902
      6415      0.088727323726
      6416      0.088772824435
      6417      0.088829414339
      6418      0.088852831967
      6419      0.088910890809
      6420      0.088960737146
      6421      0.089009798643
      6422      0.089050399841
      6423      0.089123432949
      6424      0.089194720008
      6425      0.089201249139
      6426      0.089239596003
      6427      0.089339040421
      6428      0.089359602160
      6429      0.089371354780
      6430      0.089390451823
      6431      0.089430497698
      6432      0.089447719047
      6433      0.089514102152
      6434      0.089558014051
      6435      0.089640982687
      6436      0.089684611229
      6437      0.089724520359
      6438      0.089786930809
      6439      0.089800155627
      6440      0.089810434081
      6441      0.089849979385
      6442      0.089866683021
      6443      0.089945083782
      6444      0.090017445929
      6445      0.090046393773
      6446      0.090083199260
      6447      0.090182597281
      6448      0.090204267532
      6449      0.090249431956
      6450      0.090288082446
      6451      0.090313101538
      6452      0.090383896291
      6453      0.090442166258
      6454      0.090468273853
      6455      0.090526370705
      6456      0.090562225984
      6457      0.090592754038
      6458      0.090650259472
      6459      0.090743480207
      6460      0.090760212212
      6461      0.090793207227
      6462      0.090815539276
      6463      0.090913905471
      6464      0.090916850625
      6465      0.090961750554
      6466      0.090979882510
      6467      0.091010988603
      6468      0.091032116484
      6469      0.091045861231
      6470      0.091118312058
      6471      0.091169655384
      6472      0.091211345776
      6473      0.091247691925
      6474      0.091264255239
      6475      0.091323439625
      6476      0.091376418916
      6477      0.091413238739
      6478      0.091443800870
      6479      0.091456526161
      6480      0.091524526663
      6481      0.091571327075
      6482      0.091645533546
      6483      0.091695245076
      6484      0.091711823948
      6485      0.091770573273
      6486      0.091829959421
      6487      0.091847743148
      6488      0.091895990684
      6489      0.091937666852
      6490      0.091986582301
      6491      0.092008284884
      6492      0.092097477870
      6493      0.092145797543
      6494      0.092202846365
      6495      0.092219418414
      6496      0.092278792126
      6497      0.092293628772
      6498      0.092334675690
      6499      0.092428066984
      6500      0.092461786929
      6501      0.092479711931
      6502      0.092526094873
      6503      0.092543766690
      6504      0.092573663581
      6505      0.092643967456
      6506      0.092713919031
      6507      0.092743161156
      6508      0.092786909386
      6509      0.092830206433
      6510      0.092851803377
      6511      0.092919175614
      6512      0.092945192647
      6513      0.092985505347
      6514      0.093031652117
      6515      0.093093899716
      6516      0.093150089201
      6517      0.093181022689
      6518      0.093199682448
      6519      0.093271499020
      6520      0.093307828011
      6521      0.093334702712
      6522      0.093403343852
      6523      0.093438400050
      6524      0.093472870269
      6525      0.093507001552
      6526      0.093582182561
      6527      0.093621558433
      6528      0.093659414301
      6529      0.093676203626
      6530      0.093741961715
      6531      0.093753137285
      6532      0.093808167926
      6533      0.093841980428
      6534      0.093903913777
      6535      0.093945124617
      6536      0.093958097559
      6537      0.093986746841
      6538      0.094077652180
      6539      0.094089133922
      6540      0.094130622819
      6541      0.094258327876
      6542      0.094266805027
      6543      0.094302807066
      6544      0.094325957590
      6545      0.094369607382
      6546      0.094434976374
      6547      0.094483312925
      6548      0.094523030072
      6549      0.094544554635
      6550      0.094559060928
      6551      0.094597562346
      6552      0.094652166812
      6553      0.094742559533
      6554      0.094749052790
      6555      0.094811369603
      6556      0.094823005046
      6557      0.094925504172
      6558      0.094961484110
      6559      0.095005224945
      6560      0.095071728820
      6561      0.095128004515
      6562      0.095178445557
      6563      0.095207912540
      6564      0.095229626831
      6565      0.095276675760
      6566      0.095337332722
      6567      0.095347162503
      6568      0.095415763954
      6569      0.095454708053
      6570      0.095490288742
      6571      0.095542167349
      6572      0.095624563258
      6573      0.095641003605
      6574      0.095672952904
      6575      0.095720058998
      6576      0.095779186768
      6577      0.095796043769
      6578      0.095846925784
      6579      0.095856632029
      6580      0.095914629830
      6581      0.095960839181
      6582      0.095985890789
      6583      0.096010569696
      6584      0.096040442518
      6585      0.096139773545
      6586      0.096183389827
      6587      0.096230225983
      6588      0.096270255694
      6589      0.096283135291
      6590      0.096356340429
      6591      0.096381814434
      6592      0.096398492408
      6593      0.096497587210
      6594      0.096534315565
      6595      0.096573907388
      6596      0.096593192148
      6597      0.096655808145
      6598      0.096696646370
      6599      0.096742903064
      6600      0.096760777170
      6601      0.096834453663
      6602      0.096885278904
      6603      0.096921888371
      6604      0.096950355054
      6605      0.096972451397
      6606      0.097042887218
      6607      0.097077061588
      6608      0.097157649466
      6609      0.097161793918
      6610      0.097203621598
      6611      0.097264215924
      6612      0.097275586701
      6613      0.097318609391
      6614      0.097372676846
      6615      0.097407713398
      6616      0.097485536954
      6617      0.097530697298
      6618      0.097554724130
      6619      0.097598698438
      6620      0.097649170663
      6621      0.097679531424
      6622      0.097744725242
      6623      0.097767033827
      6624      0.097812440818
      6625      0.097855358229
      6626      0.097906757255
      6627      0.097928081633
      6628      0.097955111666
      6629      0.097997627315
      6630      0.098061384138
      6631      0.098103916059
      6632      0.098189061138
      6633      0.098227728161
      6634      0.098284988491
      6635      0.098361238284
      6636      0.098386920290
      6637      0.098421038177
      6638      0.098460140035
      6639      0.098470650602
      6640      0.098532581886
      6641      0.098550337816
      6642      0.098562461294
      6643      0.098626797825
      6644      0.098659213597
      6645      0.098721105973
      6646      0.098789970381
      6647      0.098814275619
      6648      0.098867823921
      6649      0.098917352332
      6650      0.098942776000
      6651      0.099044539526
      6652      0.099069795928
      6653      0.099098111269
      6654      0.099126781635
      6655      0.099175499847
      6656      0.099192273936
      6657      0.099277868322
      6658      0.099295946489
      6659      0.099328583280
      6660      0.099381387458
      6661      0.099436979271
      6662      0.099458918785
      6663      0.099532436765
      6664      0.099565729410
      6665      0.099577935213
      6666      0.099630685892
      6667      0.099665640554
      6668      0.099708542977
      6669      0.099748177661
      6670      0.099795389687
      6671      0.099824286764
      6672      0.099885566403
      6673      0.099903301732
      6674      0.099939891821
      6675      0.100032527053
      6676      0.100074293857
      6677      0.100122648893
      6678      0.100163646625
      6679      0.100197007698
      6680      0.100255915768
      6681      0.100266574324
      6682      0.100319937352
      6683      0.100355995451
      6684      0.100423469831
      6685      0.100466801543
      6686      0.100485872013
      6687      0.100541540610
      6688      0.100567254278
      6689      0.100602816572
      6690      0.100660848842
      6691      0.100676555121
      6692      0.100783437210
      6693      0.100834852246
      6694      0.100855568362
      6695      0.100911015177
      6696      0.100944720743
      6697      0.100992939968
      6698      0.101002926225
      6699      0.101097192643
      6700      0.101170898518
      6701      0.101211416408
      6702      0.101240754598
      6703      0.101277315317
      6704      0.101316947793
      6705      0.101404952778
      6706      0.101422304633
      6707      0.101481138086
      6708      0.101502328182
      6709      0.101552967848
      6710      0.101604900928
      6711      0.101634060105
      6712      0.101657574316
      6713      0.101717587382
      6714      0.101758011650
      6715      0.101818000764
      6716      0.101834777392
      6717      0.101855023405
      6718      0.101885455106
      6719      0.101976878210
      6720      0.102013483491
      6721      0.102057218393
      6722      0.102095866602
      6723      0.102102515307
      6724      0.102244906777
      6725      0.102265166947
      6726      0.102293064725
      6727      0.102328007094
      6728      0.102370638520
      6729      0.102404856019
      6730      0.102452805075
      6731      0.102471589315
      6732      0.102568287308
      6733      0.102605355718
      6734      0.102648970373
      6735      0.102700204397
      6736      0.102722149788
      6737      0.102783952421
      6738      0.102799683595
      6739      0.102872794639
      6740      0.102896528890
      6741      0.102910208727
      6742      0.102966110817
      6743      0.103002027199
      6744      0.103028619659
      6745      0.103048520373
      6746      0.103096676417
      6747      0.103138732149
      6748      0.103158265714
      6749      0.103235428100
      6750      0.103248908203
      6751      0.103298508863
      6752      0.103353875739
      6753      0.103401752104
      6754      0.103483502359
      6755      0.103516246303
      6756      0.103569063591
      6757      0.103604251873
      6758      0.103645179868
      6759      0.103702241313
      6760      0.103762070701
      6761      0.103807820330
      6762      0.103833823301
      6763      0.103896795104
      6764      0.103904258854
      6765      0.103981458008
      6766      0.104057989028
      6767      0.104091417773
      6768      0.104146836774
      6769      0.104183444013
      6770      0.104261486285
      6771      0.104285738262
      6772      0.104334511400
      6773      0.104388894094
      6774      0.104395950630
      6775      0.104444515593
      6776      0.104489765499
      6777      0.104503151204
      6778      0.104527671313
      6779      0.104553606550
      6780      0.104597438254
      6781      0.104670956250
      6782      0.104716867383
      6783      0.104777882970
      6784      0.104799108053
      6785      0.104848167283
      6786      0.104861756062
      6787      0.104887976622
      6788      0.104926148746
      6789      0.105010262798
      6790      0.105033231163
      6791      0.105065202768
      6792      0.105093079672
      6793      0.105145405528
      6794      0.105186487810
      6795      0.105251761240
      6796      0.105293253850
      6797      0.105303607176
      6798      0.105365834634
      6799      0.105427059269
      6800      0.105463399881
      6801      0.105504924474
      6802      0.105527200663
      6803      0.105614458106
      6804      0.105701217202
      6805      0.105741833865
      6806      0.105797760438
      6807      0.105841294971
      6808      0.105859314831
      6809      0.105956393374
      6810      0.105993547039
      6811      0.106046194332
      6812      0.106065180745
      6813      0.106112055283
      6814      0.106163106614
      6815      0.106207738135
      6816      0.106230621288
      6817      0.106298648327
      6818      0.106319770676
      6819      0.106360805918
      6820      0.106407122001
      6821      0.106476367085
      6822      0.106524599031
      6823      0.106573140273
      6824      0.106591604162
      6825      0.106644631486
      6826      0.106688076800
      6827      0.106741716424
      6828      0.106793397542
      6829      0.106857129867
      6830      0.106877842922
      6831      0.106937663214
      6832      0.106994085698
      6833      0.107039693042
      6834      0.107074064609
      6835      0.107092419221
      6836      0.107182518679
      6837      0.107229939212
      6838      0.107242965560
      6839      0.107279887080
      6840      0.107370540228
      6841      0.107442680308
      6842      0.107455964038
      6843      0.107481905588
      6844      0.107509055127
      6845      0.107593188139
      6846      0.107625710738
      6847      0.107647839773
      6848      0.107662270263
      6849      0.107809329251
      6850      0.107839199738
      6851      0.107892828398
      6852      0.107908433609
      6853      0.107967815286
      6854      0.107982567611
      6855      0.108051227519
      6856      0.108075743869
      6857      0.108160072973
      6858      0.108179705930
      6859      0.108236701265
      6860      0.108256538678
      6861      0.108280842446
      6862      0.108349933179
      6863      0.108397378249
      6864      0.108429948150
      6865      0.108496720699
      6866      0.108506886538
      6867      0.108539443298
      6868      0.108612400677
      6869      0.108645336649
      6870      0.108685875109
      6871      0.108748057163
      6872      0.108780106729
      6873      0.108826662397
      6874      0.108934153631
      6875      0.108980355852
      6876      0.109044062744
      6877      0.109049926594
      6878      0.109086117750
      6879      0.109144014461
      6880      0.109182570813
      6881      0.109210151201
      6882      0.109221982641
      6883      0.109328706483
      6884      0.109360935385
      6885      0.109390564240
      6886      0.109434368434
      6887      0.109476100424
      6888      0.109542987036
      6889      0.109610561205
      6890      0.109672810077
      6891      0.109689057553
      6892      0.109744822912
      6893      0.109786213030
      6894      0.109853635186
      6895      0.109920650103
      6896      0.109951768294
      6897      0.110003840152
      6898      0.110039835055
      6899      0.110062314652
      6900      0.110088319201
      6901      0.110183672318
      6902      0.110232128527
      6903      0.110288063384
      6904      0.110311010490
      6905      0.110344487575
      6906      0.110371574254
      6907      0.110414984727
      6908      0.110484038564
      6909      0.110546419715
      6910      0.110561838030
      6911      0.110650666554
      6912      0.110700631183
      6913      0.110718809816
      6914      0.110759210354
      6915      0.110821879183
      6916      0.110891006324
      6917      0.110897404956
      6918      0.110911808684
      6919      0.110945623359
      6920      0.111014406847
      6921      0.111094857035
      6922      0.111104405537
      6923      0.111174972837
      6924      0.111237811017
      6925      0.111246265136
      6926      0.111349263486
      6927      0.111390251990
      6928      0.111461238610
      6929      0.111519486966
      6930      0.111555174890
      6931      0.111577015008
      6932      0.111618024119
      6933      0.111635642419
      6934      0.111717332922
      6935      0.111766816234
      6936      0.111802060373
      6937      0.111857622233
      6938      0.111876416399
      6939      0.111908278527
      6940      0.112019002643
      6941      0.112073188317
      6942      0.112142691706
      6943      0.112151727928
      6944      0.112168828753
      6945      0.112275400961
      6946      0.112280906030
      6947      0.112351881801
      6948      0.112403333633
      6949      0.112444975328
      6950      0.112490144505
      6951      0.112547062436
      6952      0.112567376758
      6953      0.112614478576
      6954      0.112677957333
      6955      0.112723107694
      6956      0.112762787932
      6957      0.112854229169
      6958      0.112872436548
      6959      0.112925563562
      6960      0.112991847219
      6961      0.113015206485
      6962      0.113083095623
      6963      0.113094833093
      6964      0.113156816018
      6965      0.113225901168
      6966      0.113245992715
      6967      0.113306178710
      6968      0.113355844501
      6969      0.113401344281
      6970      0.113479180130
      6971      0.113525251399
      6972      0.113539954516
      6973      0.113578547257
      6974      0.113646670667
      6975      0.113675725587
      6976      0.113742919610
      6977      0.113776471887
      6978      0.113816417701
      6979      0.113886465434
      6980      0.113923193780
      6981      0.113963325820
      6982      0.114015910369
      6983      0.114047454534
      6984      0.114098691187
      6985      0.114161987899
      6986      0.114188394831
      6987      0.114226755888
      6988      0.114294485396
      6989      0.114332470551
      6990      0.114421401621
      6991      0.114466961878
      6992      0.114525897560
      6993      0.114553566972
      6994      0.114579067426
      6995      0.114707722664
      6996      0.114723417880
      6997      0.114748647669
      6998      0.114777617777
      6999      0.114892089406
      7000      0.114963516100
      7001      0.114993560703
      7002      0.115060323668
      7003      0.115089857632
      7004      0.115115566651
      7005      0.115183711427
      7006      0.115223426870
      7007      0.115259235547
      7008      0.115305438168
      7009      0.115385426126
      7010      0.115417225544
      7011      0.115465337217
      7012      0.115515313394
      7013      0.115564200373
      7014      0.115655838220
      7015      0.115683786501
      7016      0.115715034597
      7017      0.115778190835
      7018      0.115835280639
      7019      0.115875573131
      7020      0.115897766406
      7021      0.116010540987
      7022      0.116026190960
      7023      0.116067786306
      7024      0.116151167706
      7025      0.116202872185
      7026      0.116231813199
      7027      0.116259089577
      7028      0.116344583990
      7029      0.116369420923
      7030      0.116401961448
      7031      0.116449395874
      7032      0.116490624264
      7033      0.116547493834
      7034      0.116565265131
      7035      0.116632252309
      7036      0.116681868952
      7037      0.116731318928
      7038      0.116800608831
      7039      0.116822444167
      7040      0.116898609300
      7041      0.116938627742
      7042      0.116972817252
      7043      0.117000985066
      7044      0.117083888136
      7045      0.117144677377
      7046      0.117162766116
      7047      0.117188959534
      7048      0.117250244901
      7049      0.117273387000
      7050      0.117300399441
      7051      0.117317762776
      7052      0.117395176038
      7053      0.117476807766
      7054      0.117499434211
      7055      0.117569639046
      7056      0.117588477452
      7057      0.117636812010
      7058      0.117704104006
      7059      0.117728835056
      7060      0.117779027296
      7061      0.117833897770
      7062      0.117894381831
      7063      0.117908369611
      7064      0.117941617478
      7065      0.118023046443
      7066      0.118043652999
      7067      0.118126567787
      7068      0.118162772485
      7069      0.118177920773
      7070      0.118258085821
      7071      0.118285476520
      7072      0.118329103210
      7073      0.118355345365
      7074      0.118427153152
      7075      0.118462514315
      7076      0.118507675077
      7077      0.118561113234
      7078      0.118624435707
      7079      0.118646486904
      7080      0.118696397577
      7081      0.118744552426
      7082      0.118790713244
      7083      0.118833037499
      7084      0.118887288855
      7085      0.118907234376
      7086      0.118977607560
      7087      0.119024656949
      7088      0.119068123546
      7089      0.119126942112
      7090      0.119197728467
      7091      0.119253865881
      7092      0.119293183619
      7093      0.119317993404
      7094      0.119380858434
      7095      0.119446944492
      7096      0.119478280660
      7097      0.119497428067
      7098      0.119557801138
      7099      0.119617622471
      7100      0.119675613593
      7101      0.119736165947
      7102      0.119776583788
      7103      0.119814245110
      7104      0.119915001108
      7105      0.119949572204
      7106      0.120005352373
      7107      0.120055412678
      7108      0.120064538945
      7109      0.120078146783
      7110      0.120125044456
      7111      0.120184156873
      7112      0.120238445926
      7113      0.120269046519
      7114      0.120316269277
      7115      0.120381926790
      7116      0.120415794744
      7117      0.120441759118
      7118      0.120506065378
      7119      0.120592226305
      7120      0.120617437991
      7121      0.120665645013
      7122      0.120677373502
      7123      0.120734366462
      7124      0.120797470210
      7125      0.120832499450
      7126      0.120854338292
      7127      0.120937759520
      7128      0.120949075751
      7129      0.121040041042
      7130      0.121064807599
      7131      0.121102831100
      7132      0.121124883821
      7133      0.121196097564
      7134      0.121256164157
      7135      0.121315506840
      7136      0.121327728330
      7137      0.121349013588
      7138      0.121399372134
      7139      0.121455397924
      7140      0.121541463598
      7141      0.121556229358
      7142      0.121646159143
      7143      0.121679025567
      7144      0.121747141514
      7145      0.121783379785
      7146      0.121800556718
      7147      0.121869789394
      7148      0.121939307946
      7149      0.121964569402
      7150      0.122037741281
      7151      0.122053400293
      7152      0.122101887019
      7153      0.122165689270
      7154      0.122181535460
      7155      0.122277915140
      7156      0.122338068703
      7157      0.122367499576
      7158      0.122400010067
      7159      0.122451397416
      7160      0.122497603684
      7161      0.122546823817
      7162      0.122616393442
      7163      0.122648650957
      7164      0.122673272717
      7165      0.122737832320
      7166      0.122806636701
      7167      0.122840165383
      7168      0.122929312603
      7169      0.122945779759
      7170      0.123029843475
      7171      0.123080375102
      7172      0.123134590597
      7173      0.123160955639
      7174      0.123251763132
      7175      0.123288400414
      7176      0.123321310500
      7177      0.123376676334
      7178      0.123416364243
      7179      0.123448931260
      7180      0.123484414353
      7181      0.123543937262
      7182      0.123579182824
      7183      0.123596653512
      7184      0.123710183440
      7185      0.123742267389
      7186      0.123774780258
      7187      0.123871850658
      7188      0.123915584931
      7189      0.123965671876
      7190      0.124033621734
      7191      0.124039242015
      7192      0.124141250235
      7193      0.124165549968
      7194      0.124237239370
      7195      0.124280032627
      7196      0.124329202069
      7197      0.124361813550
      7198      0.124436848708
      7199      0.124463809882
      7200      0.124527362696
      7201      0.124538639795
      7202      0.124616058720
      7203      0.124689560486
      7204      0.124697128425
      7205      0.124760037966
      7206      0.124812485879
      7207      0.124846567808
      7208      0.124869278643
      7209      0.124915868240
      7210      0.124964099974
      7211      0.125006642541
      7212      0.125060105739
      7213      0.125121565114
      7214      0.125157242084
      7215      0.125196384708
      7216      0.125287800333
      7217      0.125347058348
      7218      0.125374745457
      7219      0.125428550212
      7220      0.125455770277
      7221      0.125535162303
      7222      0.125562271571
      7223      0.125586062323
      7224      0.125673447428
      7225      0.125696684059
      7226      0.125720538118
      7227      0.125850219134
      7228      0.125875206565
      7229      0.125906260804
      7230      0.125950028135
      7231      0.125977236467
      7232      0.126037685083
      7233      0.126117727142
      7234      0.126164640048
      7235      0.126181412753
      7236      0.126230980785
      7237      0.126257664622
      7238      0.126355936026
      7239      0.126435947919
      7240      0.126472998646
      7241      0.126529467197
      7242      0.126615384609
      7243      0.126669798930
      7244      0.126751411522
      7245      0.126790258171
      7246      0.126851101026
      7247      0.126881287370
      7248      0.126953468494
      7249      0.126964586019
      7250      0.127006714331
      7251      0.127048207815
      7252      0.127121301888
      7253      0.127223786983
      7254      0.127238258248
      7255      0.127284166953
      7256      0.127345299582
      7257      0.127402503599
      7258      0.127436998238
      7259      0.127469800469
      7260      0.127529765513
      7261      0.127584187472
      7262      0.127643394785
      7263      0.127727662739
      7264      0.127765769999
      7265      0.127860927703
      7266      0.127869345377
      7267      0.127922635155
      7268      0.127950152487
      7269      0.127997015376
      7270      0.128041927831
      7271      0.128090392301
      7272      0.128103444188
      7273      0.128242262213
      7274      0.128257321801
      7275      0.128285256470
      7276      0.128359318584
      7277      0.128391899761
      7278      0.128449533534
      7279      0.128479746497
      7280      0.128537711131
      7281      0.128574624032
      7282      0.128649116359
      7283      0.128703212303
      7284      0.128792243801
      7285      0.128827677165
      7286      0.128885081588
      7287      0.128960050301
      7288      0.128980439667
      7289      0.129040139859
      7290      0.129088953484
      7291      0.129132255961
      7292      0.129145044766
      7293      0.129232570652
      7294      0.129274942013
      7295      0.129364661271
      7296      0.129446259815
      7297      0.129490770488
      7298      0.129506023769
      7299      0.129592416742
      7300      0.129686296776
      7301      0.129784872644
      7302      0.129842417170
      7303      0.129868357425
      7304      0.129941119145
      7305      0.130035988057
      7306      0.130075394652
      7307      0.130128935050
      7308      0.130168112793
      7309      0.130263350402
      7310      0.130297802755
      7311      0.130362966228
      7312      0.130388762754
      7313      0.130436248036
      7314      0.130471099136
      7315      0.130574222295
      7316      0.130591731875
      7317      0.130608640500
      7318      0.130712946290
      7319      0.130751247305
      7320      0.130849949251
      7321      0.130860862493
      7322      0.130925319776
      7323      0.131037466229
      7324      0.131059625003
      7325      0.131146609206
      7326      0.131215235422
      7327      0.131236908851
      7328      0.131352803827
      7329      0.131385731067
      7330      0.131408973815
      7331      0.131511015734
      7332      0.131533740897
      7333      0.131589650740
      7334      0.131604060660
      7335      0.131694255625
      7336      0.131747785235
      7337      0.131803904289
      7338      0.131843606679
      7339      0.131912078115
      7340      0.131938949148
      7341      0.132015808177
      7342      0.132074389026
      7343      0.132117634406
      7344      0.132136152916
      7345      0.132164661548
      7346      0.132287115855
      7347      0.132346587675
      7348      0.132435501833
      7349      0.132492931887
      7350      0.132569113614
      7351      0.132596974109
      7352      0.132659201107
      7353      0.132737178071
      7354      0.132807339445
      7355      0.132854813114
      7356      0.132951794843
      7357      0.132983528548
      7358      0.133058118107
      7359      0.133143183946
      7360      0.133200996848
      7361      0.133225089297
      7362      0.133275991744
      7363      0.133328633023
      7364      0.133370249076
      7365      0.133394375442
      7366      0.133441751828
      7367      0.133538377219
      7368      0.133652589175
      7369      0.133705073630
      7370      0.133758278929
      7371      0.133766490160
      7372      0.133853864409
      7373      0.133937517399
      7374      0.133999564695
      7375      0.134030357055
      7376      0.134126568714
      7377      0.134184054775
      7378      0.134272653131
      7379      0.134280782321
      7380      0.134391057349
      7381      0.134452274632
      7382      0.134504070236
      7383      0.134537357291
      7384      0.134600121309
      7385      0.134632372550
      7386      0.134735123534
      7387      0.134741178942
      7388      0.134818911341
      7389      0.134829651847
      7390      0.134883314608
      7391      0.135003901629
      7392      0.135054002688
      7393      0.135139659726
      7394      0.135153391214
      7395      0.135254690041
      7396      0.135292955555
      7397      0.135313412891
      7398      0.135450218466
      7399      0.135486069501
      7400      0.135546524740
      7401      0.135591047960
      7402      0.135670313051
      7403      0.135722305062
      7404      0.135801575597
      7405      0.135888741451
      7406      0.135938832427
      7407      0.135964266097
      7408      0.136024069770
      7409      0.136155008150
      7410      0.136191575317
      7411      0.136217122643
      7412      0.136277450038
      7413      0.136326174294
      7414      0.136404519482
      7415      0.136435416409
      7416      0.136539974697
      7417      0.136599788487
      7418      0.136680393902
      7419      0.136690110925
      7420      0.136766703276
      7421      0.136843160148
      7422      0.136895859395
      7423      0.136932880576
      7424      0.137009240440
      7425      0.137079412106
      7426      0.137167899773
      7427      0.137230291075
      7428      0.137271234779
      7429      0.137319617121
      7430      0.137401728260
      7431      0.137480895558
      7432      0.137517221867
      7433      0.137555475305
      7434      0.137582250131
      7435      0.137671841214
      7436      0.137765478037
      7437      0.137840402704
      7438      0.137871412801
      7439      0.137980025804
      7440      0.138010853514
      7441      0.138048385907
      7442      0.138145490321
      7443      0.138178310166
      7444      0.138294409300
      7445      0.138362843959
      7446      0.138473026787
      7447      0.138543865715
      7448      0.138643769110
      7449      0.138673598280
      7450      0.138782172677
      7451      0.138796884740
      7452      0.138969720027
      7453      0.138989751996
      7454      0.139000581422
      7455      0.139090044494
      7456      0.139119596781
      7457      0.139202631691
      7458      0.139304976874
      7459      0.139350614591
      7460      0.139425336912
      7461      0.139436684969
      7462      0.139483704026
      7463      0.139530017093
      7464      0.139641128697
      7465      0.139675361291
      7466      0.139745530250
      7467      0.139871967815
      7468      0.139894008310
      7469      0.139928752711
      7470      0.139975867119
      7471      0.140038398952
      7472      0.140120174175
      7473      0.140177872031
      7474      0.140245337433
      7475      0.140328165382
      7476      0.140386450203
      7477      0.140426827039
      7478      0.140513149155
      7479      0.140578090198
      7480      0.140660323125
      7481      0.140716983084
      7482      0.140784912756
      7483      0.140812056148
      7484      0.140898924886
      7485      0.140939546274
      7486      0.140975745596
      7487      0.141093979196
      7488      0.141132208498
      7489      0.141186306690
      7490      0.141203168963
      7491      0.141254369518
      7492      0.141357013578
      7493      0.141467416392
      7494      0.141497885811
      7495      0.141564563313
      7496      0.141660819712
      7497      0.141699123616
      7498      0.141723020955
      7499      0.141856639771
      7500      0.141895945996
      7501      0.141943459826
      7502      0.142044443652
      7503      0.142105386929
      7504      0.142113445520
      7505      0.142167395701
      7506      0.142315289996
      7507      0.142391185433
      7508      0.142442195107
      7509      0.142512807357
      7510      0.142538470106
      7511      0.142723282637
      7512      0.142767778190
      7513      0.142780840276
      7514      0.142884833730
      7515      0.142908994474
      7516      0.142998156475
      7517      0.143068936556
      7518      0.143080849614
      7519      0.143271608318
      7520      0.143291321983
      7521      0.143372773726
      7522      0.143443924180
      7523      0.143493177844
      7524      0.143568626638
      7525      0.143603741340
      7526      0.143671145442
      7527      0.143756974024
      7528      0.143785066001
      7529      0.143960370698
      7530      0.143991567151
      7531      0.144066746128
      7532      0.144110760184
      7533      0.144211635675
      7534      0.144292845738
      7535      0.144353270011
      7536      0.144384060455
      7537      0.144411406511
      7538      0.144475910963
      7539      0.144563203676
      7540      0.144612385441
      7541      0.144684152371
      7542      0.144783842123
      7543      0.144888727733
      7544      0.144905770313
      7545      0.144932734534
      7546      0.144997225867
      7547      0.145028314506
      7548      0.145127734813
      7549      0.145163085513
      7550      0.145207005565
      7551      0.145288687563
      7552      0.145330654846
      7553      0.145412866200
      7554      0.145545289790
      7555      0.145577591167
      7556      0.145586140554
      7557      0.145679155145
      7558      0.145737799674
      7559      0.145828949482
      7560      0.145875461083
      7561      0.145957847720
      7562      0.146006549350
      7563      0.146068471921
      7564      0.146129816926
      7565      0.146178987204
      7566      0.146242436118
      7567      0.146287058370
      7568      0.146333003638
      7569      0.146441439828
      7570      0.146562825676
      7571      0.146578697060
      7572      0.146630828739
      7573      0.146742513569
      7574      0.146770453168
      7575      0.146797112611
      7576      0.146897846478
      7577      0.146931513060
      7578      0.146972346249
      7579      0.147039518889
      7580      0.147098872731
      7581      0.147157995552
      7582      0.147236476470
      7583      0.147296301151
      7584      0.147423549112
      7585      0.147469052718
      7586      0.147535471065
      7587      0.147647221196
      7588      0.147730191111
      7589      0.147790485194
      7590      0.147821658551
      7591      0.147849260204
      7592      0.147882096133
      7593      0.147978019876
      7594      0.148012182804
      7595      0.148076014840
      7596      0.148117356303
      7597      0.148172615969
      7598      0.148249016717
      7599      0.148280936844
      7600      0.148417592266
      7601      0.148432509214
      7602      0.148526611573
      7603      0.148550472172
      7604      0.148653924763
      7605      0.148731038161
      7606      0.148742543019
      7607      0.148776556376
      7608      0.148810004511
      7609      0.148925036315
      7610      0.149014285831
      7611      0.149060044795
      7612      0.149151170878
      7613      0.149212796204
      7614      0.149224572394
      7615      0.149275771170
      7616      0.149377258010
      7617      0.149411425871
      7618      0.149497291811
      7619      0.149542197130
      7620      0.149577433080
      7621      0.149688612440
      7622      0.149762238427
      7623      0.149768887132
      7624      0.149873367213
      7625      0.149946804334
      7626      0.149998423260
      7627      0.150031706342
      7628      0.150075776051
      7629      0.150115246989
      7630      0.150227060677
      7631      0.150263953928
      7632      0.150371693303
      7633      0.150404264053
      7634      0.150426520663
      7635      0.150469859311
      7636      0.150553796565
      7637      0.150627918223
      7638      0.150739527554
      7639      0.150779080075
      7640      0.150824464872
      7641      0.150917259331
      7642      0.151002449394
      7643      0.151043900372
      7644      0.151061209713
      7645      0.151097734979
      7646      0.151155613949
      7647      0.151248689724
      7648      0.151284981786
      7649      0.151385324197
      7650      0.151462906764
      7651      0.151476114311
      7652      0.151592308225
      7653      0.151655167323
      7654      0.151673688196
      7655      0.151779534065
      7656      0.151811233475
      7657      0.151843670624
      7658      0.151898099030
      7659      0.151916766827
      7660      0.151995428630
      7661      0.152073234285
      7662      0.152146925945
      7663      0.152179977741
      7664      0.152308766130
      7665      0.152345256338
      7666      0.152368827935
      7667      0.152408716562
      7668      0.152538694289
      7669      0.152549921433
      7670      0.152632727542
      7671      0.152651509411
      7672      0.152704646205
      7673      0.152744008039
      7674      0.152881196343
      7675      0.152982802695
      7676      0.153043250360
      7677      0.153058412747
      7678      0.153144875533
      7679      0.153174179797
      7680      0.153198986481
      7681      0.153221156369
      7682      0.153322296004
      7683      0.153340463962
      7684      0.153433697362
      7685      0.153498353276
      7686      0.153547431061
      7687      0.153648698569
      7688      0.153674911207
      7689      0.153784964669
      7690      0.153820781853
      7691      0.153835095102
      7692      0.153899233999
      7693      0.153985085573
      7694      0.154069918133
      7695      0.154116890658
      7696      0.154148843862
      7697      0.154204566707
      7698      0.154231254815
      7699      0.154298467755
      7700      0.154312862272
      7701      0.154402681841
      7702      0.154489921936
      7703      0.154563790509
      7704      0.154590230931
      7705      0.154625416862
      7706      0.154690143915
      7707      0.154696361898
      7708      0.154822856252
      7709      0.154877693369
      7710      0.154921937381
      7711      0.154966895682
      7712      0.155070748884
      7713      0.155115825881
      7714      0.155167862921
      7715      0.155193842681
      7716      0.155284453350
      7717      0.155351251610
      7718      0.155401883819
      7719      0.155446877506
      7720      0.155536639839
      7721      0.155591980441
      7722      0.155610656662
      7723      0.155653942152
      7724      0.155701871261
      7725      0.155798543604
      7726      0.155876256548
      7727      0.155899833614
      7728      0.155960045130
      7729      0.156057639914
      7730      0.156095120063
      7731      0.156170022740
      7732      0.156202545009
      7733      0.156340229375
      7734      0.156368749436
      7735      0.156424748925
      7736      0.156441383349
      7737      0.156468043913
      7738      0.156579128505
      7739      0.156626515864
      7740      0.156722440210
      7741      0.156803748975
      7742      0.156842977613
      7743      0.156875688836
      7744      0.156928355236
      7745      0.156990316582
      7746      0.157014970502
      7747      0.157109757491
      7748      0.157185394063
      7749      0.157204293760
      7750      0.157261285801
      7751      0.157304235249
      7752      0.157343020783
      7753      0.157420868011
      7754      0.157450078168
      7755      0.157483183077
      7756      0.157571162190
      7757      0.157618497467
      7758      0.157662629741
      7759      0.157711518782
      7760      0.157787236010
      7761      0.157902177421
      7762      0.157942898899
      7763      0.158003356968
      7764      0.158019388154
      7765      0.158040644725
      7766      0.158069761134
      7767      0.158133310599
      7768      0.158167151273
      7769      0.158215520665
      7770      0.158288084283
      7771      0.158345118509
      7772      0.158389454598
      7773      0.158406700918
      7774      0.158538947430
      7775      0.158602329744
      7776      0.158666497954
      7777      0.158681572017
      7778      0.158745616955
      7779      0.158789548100
      7780      0.158868440310
      7781      0.158947607416
      7782      0.158993993205
      7783      0.159022451094
      7784      0.159076380390
      7785      0.159188485956
      7786      0.159198518274
      7787      0.159289575034
      7788      0.159299961563
      7789      0.159336613486
      7790      0.159445594533
      7791      0.159534105134
      7792      0.159577549850
      7793      0.159670119012
      7794      0.159682453529
      7795      0.159752751776
      7796      0.159839958719
      7797      0.159881005700
      7798      0.159915984892
      7799      0.159929341575
      7800      0.160045902160
      7801      0.160103091422
      7802      0.160179786881
      7803      0.160249777411
      7804      0.160256532700
      7805      0.160349170654
      7806      0.160388630897
      7807      0.160473470228
      7808      0.160507536695
      7809      0.160539133877
      7810      0.160558126202
      7811      0.160670981600
      7812      0.160773818211
      7813      0.160839020674
      7814      0.160864949191
      7815      0.160868635753
      7816      0.160947961387
      7817      0.161009643011
      7818      0.161062511686
      7819      0.161180339801
      7820      0.161196151126
      7821      0.161270678480
      7822      0.161331996419
      7823      0.161448855465
      7824      0.161488308725
      7825      0.161577952140
      7826      0.161634478118
      7827      0.161685391623
      7828      0.161734800383
      7829      0.161772016891
      7830      0.161783547798
      7831      0.161831386114
      7832      0.161895147600
      7833      0.161992775999
      7834      0.162022399093
      7835      0.162059694523
      7836      0.162135564893
      7837      0.162161862971
      7838      0.162185103616
      7839      0.162261820174
      7840      0.162380024221
      7841      0.162420442521
      7842      0.162474068956
      7843      0.162544097005
      7844      0.162645138283
      7845      0.162673260621
      7846      0.162724700795
      7847      0.162780965121
      7848      0.162823495349
      7849      0.162882332608
      7850      0.163017752521
      7851      0.163034649465
      7852      0.163043016483
      7853      0.163162580339
      7854      0.163200740719
      7855      0.163283880068
      7856      0.163321446804
      7857      0.163384235935
      7858      0.163449984695
      7859      0.163523110556
      7860      0.163573792570
      7861      0.163618099991
      7862      0.163638344622
      7863      0.163725693388
      7864      0.163760202152
      7865      0.163841439192
      7866      0.163974244160
      7867      0.164058836122
      7868      0.164097684334
      7869      0.164167111461
      7870      0.164178264422
      7871      0.164195091850
      7872      0.164310217208
      7873      0.164382489935
      7874      0.164462811824
      7875      0.164552530609
      7876      0.164596856984
      7877      0.164636661340
      7878      0.164688082746
      7879      0.164710705073
      7880      0.164758285571
      7881      0.164795123389
      7882      0.164850377133
      7883      0.164934126917
      7884      0.164981047995
      7885      0.165100534041
      7886      0.165133159447
      7887      0.165198016157
      7888      0.165255052637
      7889      0.165268582787
      7890      0.165289325811
      7891      0.165377453853
      7892      0.165402258917
      7893      0.165415705773
      7894      0.165486221111
      7895      0.165520709344
      7896      0.165588266587
      7897      0.165661642480
      7898      0.165763305220
      7899      0.165829625472
      7900      0.165848616690
      7901      0.165948956158
      7902      0.165992959579
      7903      0.166048669772
      7904      0.166071135494
      7905      0.166176208848
      7906      0.166199015430
      7907      0.166272213700
      7908      0.166344334151
      7909      0.166438272785
      7910      0.166456085342
      7911      0.166554090378
      7912      0.166585589130
      7913      0.166649143788
      7914      0.166712746935
      7915      0.166832765097
      7916      0.166856612559
      7917      0.166950448769
      7918      0.167022985760
      7919      0.167049669349
      7920      0.167085144124
      7921      0.167129747160
      7922      0.167193390104
      7923      0.167236731527
      7924      0.167244112288
      7925      0.167288991690
      7926      0.167352598379
      7927      0.167416326921
      7928      0.167433903163
      7929      0.167468695253
      7930      0.167536160651
      7931      0.167609610010
      7932      0.167633443051
      7933      0.167789068900
      7934      0.167826280494
      7935      0.167875381728
      7936      0.167981516135
      7937      0.168030150509
      7938      0.168138996722
      7939      0.168212327318
      7940      0.168245294411
      7941      0.168294524626
      7942      0.168374261540
      7943      0.168507326841
      7944      0.168576534239
      7945      0.168625483225
      7946      0.168679765200
      7947      0.168732331864
      7948      0.168777543210
      7949      0.168826819586
      7950      0.168881742502
      7951      0.168922197649
      7952      0.168994277251
      7953      0.169035583135
      7954      0.169079820419
      7955      0.169144590638
      7956      0.169224344140
      7957      0.169292874365
      7958      0.169365244117
      7959      0.169409879283
      7960      0.169482783625
      7961      0.169566225913
      7962      0.169630268711
      7963      0.169673637315
      7964      0.169713404567
      7965      0.169859109445
      7966      0.169935566934
      7967      0.169977584657
      7968      0.170042068186
      7969      0.170155965426
      7970      0.170229011693
      7971      0.170240843855
      7972      0.170322916976
      7973      0.170361943871
      7974      0.170443191918
      7975      0.170509864897
      7976      0.170560876316
      7977      0.170656368214
      7978      0.170711504860
      7979      0.170812359926
      7980      0.170847666430
      7981      0.170957458037
      7982      0.171030903229
      7983      0.171068788227
      7984      0.171082469642
      7985      0.171155589041
      7986      0.171199245669
      7987      0.171288435808
      7988      0.171356388726
      7989      0.171438143491
      7990      0.171528962086
      7991      0.171554565277
      7992      0.171602390070
      7993      0.171747576661
      7994      0.171775206542
      7995      0.171826599636
      7996      0.171917149161
      7997      0.171996199967
      7998      0.172092373353
      7999      0.172162991593
      8000      0.172206875123
      8001      0.172239791201
      8002      0.172395742164
      8003      0.172422690152
      8004      0.172487157892
      8005      0.172532220860
      8006      0.172599921194
      8007      0.172646569415
      8008      0.172786338608
      8009      0.172806246708
      8010      0.172899436093
      8011      0.172931942193
      8012      0.173066559446
      8013      0.173109394579
      8014      0.173223188652
      8015      0.173251205195
      8016      0.173266805578
      8017      0.173313352651
      8018      0.173353499923
      8019      0.173425698015
      8020      0.173547677325
      8021      0.173594261382
      8022      0.173635408051
      8023      0.173694538481
      8024      0.173755989951
      8025      0.173914943475
      8026      0.173986133943
      8027      0.174047638077
      8028      0.174104591589
      8029      0.174164708518
      8030      0.174212102063
      8031      0.174323958033
      8032      0.174365642458
      8033      0.174412847712
      8034      0.174535229732
      8035      0.174567582806
      8036      0.174661637657
      8037      0.174666825326
      8038      0.174724872131
      8039      0.174839245752
      8040      0.174891951513
      8041      0.174952847358
      8042      0.175053402448
      8043      0.175164913428
      8044      0.175209180188
      8045      0.175282809177
      8046      0.175357353693
      8047      0.175416890820
      8048      0.175446193965
      8049      0.175555924213
      8050      0.175592974388
      8051      0.175680110221
      8052      0.175725515321
      8053      0.175739911031
      8054      0.175834985712
      8055      0.175921797836
      8056      0.175987795892
      8057      0.176099551034
      8058      0.176130343973
      8059      0.176163585633
      8060      0.176258155762
      8061      0.176298939441
      8062      0.176405284847
      8063      0.176448236816
      8064      0.176577188714
      8065      0.176618660669
      8066      0.176691936444
      8067      0.176739926725
      8068      0.176799074233
      8069      0.176867963069
      8070      0.176930617687
      8071      0.177008367773
      8072      0.177084219718
      8073      0.177103623602
      8074      0.177217033428
      8075      0.177263663929
      8076      0.177349749926
      8077      0.177404400947
      8078      0.177527704253
      8079      0.177618850507
      8080      0.177647387501
      8081      0.177658170058
      8082      0.177734726650
      8083      0.177809847802
      8084      0.177917363259
      8085      0.178025757833
      8086      0.178109397928
      8087      0.178175260391
      8088      0.178233125309
      8089      0.178350188174
      8090      0.178370604439
      8091      0.178397656375
      8092      0.178469263387
      8093      0.178538891657
      8094      0.178616230369
      8095      0.178662242086
      8096      0.178723558881
      8097      0.178747997538
      8098      0.178872126664
      8099      0.178940865348
      8100      0.179021819204
      8101      0.179111690181
      8102      0.179142629459
      8103      0.179286073269
      8104      0.179340053973
      8105      0.179425150282
      8106      0.179506467809
      8107      0.179538745080
      8108      0.179590407120
      8109      0.179710627095
      8110      0.179751680636
      8111      0.179816936041
      8112      0.179894060672
      8113      0.179928762562
      8114      0.180086217108
      8115      0.180093281051
      8116      0.180165323584
      8117      0.180217555864
      8118      0.180332974559
      8119      0.180436918525
      8120      0.180492024693
      8121      0.180511325391
      8122      0.180664264213
      8123      0.180686150419
      8124      0.180855430187
      8125      0.180880290577
      8126      0.180955101872
      8127      0.181034348331
      8128      0.181048544616
      8129      0.181159749609
      8130      0.181198356136
      8131      0.181227362158
      8132      0.181395344881
      8133      0.181433491369
      8134      0.181448994652
      8135      0.181536730809
      8136      0.181625168941
      8137      0.181741524718
      8138      0.181765425723
      8139      0.181810789417
      8140      0.181887270239
      8141      0.181994644786
      8142      0.182057104424
      8143      0.182143784210
      8144      0.182165115707
      8145      0.182205370551
      8146      0.182321675814
      8147      0.182418323893
      8148      0.182585241372
      8149      0.182647042903
      8150      0.182689166043
      8151      0.182725654939
      8152      0.182798964167
      8153      0.182831370863
      8154      0.182891752461
      8155      0.182922255684
      8156      0.183067021321
      8157      0.183120478806
      8158      0.183243107263
      8159      0.183256067787
      8160      0.183356942103
      8161      0.183453219359
      8162      0.183588223408
      8163      0.183617019916
      8164      0.183711154919
      8165      0.183773298993
      8166      0.183829424655
      8167      0.183919110983
      8168      0.184004616077
      8169      0.184095086653
      8170      0.184159685532
      8171      0.184274746068
      8172      0.184338076444
      8173      0.184425295130
      8174      0.184532483451
      8175      0.184609949376
      8176      0.184654343649
      8177      0.184701785422
      8178      0.184808459139
      8179      0.184914428046
      8180      0.184963323679
      8181      0.185017256710
      8182      0.185084202153
      8183      0.185214531440
      8184      0.185268769514
      8185      0.185299315968
      8186      0.185361364134
      8187      0.185464190990
      8188      0.185533334588
      8189      0.185625450654
      8190      0.185687902742
      8191      0.185752459072
      8192      0.185800113693
      8193      0.185848082252
      8194      0.185938895430
      8195      0.186034076364
      8196      0.186135954245
      8197      0.186196771865
      8198      0.186223273998
      8199      0.186329163628
      8200      0.186422965726
      8201      0.186462665806
      8202      0.186547515032
      8203      0.186653094753
      8204      0.186717264992
      8205      0.186734016882
      8206      0.186899082362
      8207      0.186954347432
      8208      0.186980564821
      8209      0.187139623255
      8210      0.187218068792
      8211      0.187299344322
      8212      0.187340476685
      8213      0.187396508699
      8214      0.187537825305
      8215      0.187632425800
      8216      0.187660536304
      8217      0.187743104762
      8218      0.187817808068
      8219      0.187877066656
      8220      0.188033549189
      8221      0.188067445105
      8222      0.188116472048
      8223      0.188347663493
      8224      0.188365889406
      8225      0.188449621950
      8226      0.188517739559
      8227      0.188551414201
      8228      0.188596772971
      8229      0.188630472246
      8230      0.188690974859
      8231      0.188827632705
      8232      0.188854682938
      8233      0.188930827135
      8234      0.189069251520
      8235      0.189185809200
      8236      0.189300070548
      8237      0.189308503192
      8238      0.189418009204
      8239      0.189488482397
      8240      0.189565636030
      8241      0.189596010135
      8242      0.189703374079
      8243      0.189779713064
      8244      0.189816946307
      8245      0.189871522327
      8246      0.189938147878
      8247      0.190060661804
      8248      0.190102107381
      8249      0.190260515363
      8250      0.190334169367
      8251      0.190397800763
      8252      0.190429645746
      8253      0.190507126026
      8254      0.190587047507
      8255      0.190657456016
      8256      0.190761999349
      8257      0.190812375282
      8258      0.190949071157
      8259      0.191032137994
      8260      0.191071344530
      8261      0.191222780840
      8262      0.191259679551
      8263      0.191280524220
      8264      0.191374225513
      8265      0.191458765396
      8266      0.191567080717
      8267      0.191656295165
      8268      0.191708289047
      8269      0.191754076501
      8270      0.191836902055
      8271      0.191978567317
      8272      0.192123665518
      8273      0.192254738523
      8274      0.192301199204
      8275      0.192346143351
      8276      0.192407310036
      8277      0.192510170882
      8278      0.192561480665
      8279      0.192610953633
      8280      0.192685511438
      8281      0.192790440102
      8282      0.192814482221
      8283      0.192903259208
      8284      0.193086489210
      8285      0.193175773167
      8286      0.193261946908
      8287      0.193404443555
      8288      0.193469884127
      8289      0.193540709485
      8290      0.193619532567
      8291      0.193636883587
      8292      0.193734323431
      8293      0.193769078629
      8294      0.193879319461
      8295      0.193949863879
      8296      0.193990798290
      8297      0.194113235610
      8298      0.194183459659
      8299      0.194322122872
      8300      0.194408369057
      8301      0.194507801651
      8302      0.194652304497
      8303      0.194714750177
      8304      0.194723842875
      8305      0.194754509126
      8306      0.194880118847
      8307      0.194943470357
      8308      0.194976755605
      8309      0.195054772968
      8310      0.195178588439
      8311      0.195289240580
      8312      0.195339259901
      8313      0.195432150448
      8314      0.195549647866
      8315      0.195750794993
      8316      0.195866977588
      8317      0.195902817642
      8318      0.195935138254
      8319      0.196038851615
      8320      0.196098675302
      8321      0.196199102272
      8322      0.196290252882
      8323      0.196314732502
      8324      0.196463076240
      8325      0.196478895391
      8326      0.196576002432
      8327      0.196727626517
      8328      0.196804822097
      8329      0.196869219046
      8330      0.196996456553
      8331      0.197091559768
      8332      0.197164803443
      8333      0.197215872693
      8334      0.197273261221
      8335      0.197513871042
      8336      0.197562262362
      8337      0.197594388746
      8338      0.197713115799
      8339      0.197744275929
      8340      0.197873441500
      8341      0.197937677676
      8342      0.198081637081
      8343      0.198178982230
      8344      0.198271547374
      8345      0.198279637590
      8346      0.198418110659
      8347      0.198532227926
      8348      0.198625243697
      8349      0.198796116921
      8350      0.198802958751
      8351      0.198964636163
      8352      0.199030659941
      8353      0.199163879051
      8354      0.199280147809
      8355      0.199386459076
      8356      0.199448960160
      8357      0.199573104579
      8358      0.199685997561
      8359      0.199785562842
      8360      0.199899499206
      8361      0.199958107260
      8362      0.199998268754
      8363      0.200134554062
      8364      0.200257091184
      8365      0.200351890926
      8366      0.200392833688
      8367      0.200475382017
      8368      0.200637353881
      8369      0.200829589953
      8370      0.200856297328
      8371      0.200894419319
      8372      0.201061568580
      8373      0.201149162220
      8374      0.201178204976
      8375      0.201263689078
      8376      0.201411608574
      8377      0.201500951174
      8378      0.201582935488
      8379      0.201737750210
      8380      0.201835357688
      8381      0.201923615676
      8382      0.202086705729
      8383      0.202123515046
      8384      0.202199370008
      8385      0.202306149218
      8386      0.202427449787
      8387      0.202580903502
      8388      0.202650225172
      8389      0.202740942845
      8390      0.202889870019
      8391      0.203051005265
      8392      0.203083256039
      8393      0.203121326028
      8394      0.203308847992
      8395      0.203338860597
      8396      0.203453452952
      8397      0.203737639504
      8398      0.203832906055
      8399      0.203939145426
      8400      0.203972205577
      8401      0.204082134497
      8402      0.204150032328
      8403      0.204211086991
      8404      0.204391767602
      8405      0.204596642901
      8406      0.204660122028
      8407      0.204777433737
      8408      0.204902890592
      8409      0.204929479694
      8410      0.205079057814
      8411      0.205221464727
      8412      0.205346012204
      8413      0.205451722701
      8414      0.205565883511
      8415      0.205622533880
      8416      0.205755210317
      8417      0.205845094435
      8418      0.205989931030
      8419      0.206098234977
      8420      0.206232343378
      8421      0.206358399100
      8422      0.206508556062
      8423      0.206582442623
      8424      0.206739564569
      8425      0.206842403166
      8426      0.206987772265
      8427      0.207129513348
      8428      0.207228512719
      8429      0.207549689216
      8430      0.207606638971
      8431      0.207769587223
      8432      0.207932652390
      8433      0.208022961174
      8434      0.208066097322
      8435      0.208149734039
      8436      0.208390133312
      8437      0.208480565197
      8438      0.208570714065
      8439      0.208666919464
      8440      0.208835596741
      8441      0.208921777755
      8442      0.209121329985
      8443      0.209196140629
      8444      0.209262443714
      8445      0.209418658508
      8446      0.209572243436
      8447      0.209653509632
      8448      0.209818738996
      8449      0.209994429546
      8450      0.210090208082
      8451      0.210227147383
      8452      0.210441218963
      8453      0.210478413429
      8454      0.210660800675
      8455      0.210712081694
      8456      0.210725800963
      8457      0.210969757863
      8458      0.211027221621
      8459      0.211250725294
      8460      0.211281088329
      8461      0.211417492535
      8462      0.211503530258
      8463      0.211720233102
      8464      0.211838876368
      8465      0.211911201738
      8466      0.211966523848
      8467      0.212087147721
      8468      0.212190580542
      8469      0.212311255023
      8470      0.212458453951
      8471      0.212635985634
      8472      0.212829787329
      8473      0.212924030633
      8474      0.213051124020
      8475      0.213099285752
      8476      0.213174434849
      8477      0.213300869157
      8478      0.213606753881
      8479      0.213674164190
      8480      0.213691097613
      8481      0.213924261853
      8482      0.214002850886
      8483      0.214211629799
      8484      0.214263584038
      8485      0.214407169433
      8486      0.214610978305
      8487      0.214712417714
      8488      0.214796815987
      8489      0.214848706124
      8490      0.215056156936
      8491      0.215229837857
      8492      0.215289543257
      8493      0.215378616828
      8494      0.215541103375
      8495      0.215609011804
      8496      0.215794465230
      8497      0.215855679873
      8498      0.216045453356
      8499      0.216075595163
      8500      0.216359890663
      8501      0.216462160088
      8502      0.216641990621
      8503      0.216684464450
      8504      0.216805420843
      8505      0.216853355367
      8506      0.216915654602
      8507      0.217142675649
      8508      0.217225867330
      8509      0.217320209560
      8510      0.217439584687
      8511      0.217695324823
      8512      0.217851234043
      8513      0.217963664504
      8514      0.218081420247
      8515      0.218201898757
      8516      0.218248656338
      8517      0.218368524302
      8518      0.218479040449
      8519      0.218619639940
      8520      0.218761712928
      8521      0.218802977145
      8522      0.218913323066
      8523      0.219027299193
      8524      0.219137596157
      8525      0.219266083087
      8526      0.219288265903
      8527      0.219473742732
      8528      0.219546778432
      8529      0.219680131908
      8530      0.219754295496
      8531      0.219868774879
      8532      0.219942570011
      8533      0.220084684597
      8534      0.220174039346
      8535      0.220258512088
      8536      0.220434431694
      8537      0.220534423686
      8538      0.220604740056
      8539      0.220701164062
      8540      0.220826230338
      8541      0.220880432766
      8542      0.220971227119
      8543      0.221063918042
      8544      0.221209510607
      8545      0.221372856827
      8546      0.221400252875
      8547      0.221545789465
      8548      0.221632157190
      8549      0.221799444656
      8550      0.221879492016
      8551      0.221918673869
      8552      0.222091408316
      8553      0.222193122602
      8554      0.222416388626
      8555      0.222486277344
      8556      0.222532479808
      8557      0.222621797457
      8558      0.222787325125
      8559      0.222811295140
      8560      0.222924326377
      8561      0.223040836683
      8562      0.223168601690
      8563      0.223311886506
      8564      0.223371330855
      8565      0.223451509618
      8566      0.223568034885
      8567      0.223796044943
      8568      0.223899772629
      8569      0.223980640902
      8570      0.224085284724
      8571      0.224179451595
      8572      0.224230415258
      8573      0.224393974941
      8574      0.224547865580
      8575      0.224707798409
      8576      0.224770636246
      8577      0.224796747832
      8578      0.224875183073
      8579      0.225028444091
      8580      0.225174349758
      8581      0.225287302466
      8582      0.225334352996
      8583      0.225400355710
      8584      0.225421156281
      8585      0.225565460625
      8586      0.225646242144
      8587      0.225867096888
      8588      0.225986335595
      8589      0.226120980024
      8590      0.226218625158
      8591      0.226352850541
      8592      0.226440051343
      8593      0.226538808565
      8594      0.226626814071
      8595      0.226718631454
      8596      0.226793148504
      8597      0.226956641069
      8598      0.227020827904
      8599      0.227200988096
      8600      0.227247830044
      8601      0.227431244932
      8602      0.227528297384
      8603      0.227630053017
      8604      0.227750423888
      8605      0.227778688304
      8606      0.227897808233
      8607      0.227948414989
      8608      0.228056886863
      8609      0.228169144363
      8610      0.228257085870
      8611      0.228491157405
      8612      0.228577887885
      8613      0.228643933949
      8614      0.228678846237
      8615      0.228807538681
      8616      0.228964321772
      8617      0.229103022798
      8618      0.229331915764
      8619      0.229362658493
      8620      0.229396486244
      8621      0.229501387507
      8622      0.229536172117
      8623      0.229705727613
      8624      0.229823291021
      8625      0.229970841647
      8626      0.230018564316
      8627      0.230186065145
      8628      0.230296973307
      8629      0.230405780917
      8630      0.230592779556
      8631      0.230760346376
      8632      0.230799310088
      8633      0.231003099076
      8634      0.231202059656
      8635      0.231247188561
      8636      0.231362552981
      8637      0.231508954962
      8638      0.231589854638
      8639      0.231770463831
      8640      0.231791052046
      8641      0.231890179095
      8642      0.231994097694
      8643      0.232190707483
      8644      0.232319555655
      8645      0.232349188839
      8646      0.232527433617
      8647      0.232704096875
      8648      0.232724345418
      8649      0.232877552649
      8650      0.233030810841
      8651      0.233095909964
      8652      0.233261513852
      8653      0.233324008533
      8654      0.233344827784
      8655      0.233454431016
      8656      0.233559992485
      8657      0.233617728657
      8658      0.233872869343
      8659      0.234009521507
      8660      0.234120391678
      8661      0.234208665817
      8662      0.234320361733
      8663      0.234454866271
      8664      0.234600086383
      8665      0.234767165303
      8666      0.234861574185
      8667      0.235020626530
      8668      0.235355734967
      8669      0.235410729619
      8670      0.235529053995
      8671      0.235683042789
      8672      0.235728047862
      8673      0.235816103800
      8674      0.236053714924
      8675      0.236134166351
      8676      0.236278142433
      8677      0.236354984001
      8678      0.236435716315
      8679      0.236619541852
      8680      0.236749095078
      8681      0.236886485168
      8682      0.236961821145
      8683      0.237136007750
      8684      0.237228553920
      8685      0.237332075547
      8686      0.237441293358
      8687      0.237592731943
      8688      0.237778690200
      8689      0.237883318270
      8690      0.237999366117
      8691      0.238077232542
      8692      0.238172053677
      8693      0.238279060023
      8694      0.238470066239
      8695      0.238585904233
      8696      0.238743112586
      8697      0.238901080018
      8698      0.238934965393
      8699      0.239104859009
      8700      0.239255565044
      8701      0.239379815288
      8702      0.239548921400
      8703      0.239594757629
      8704      0.239771009987
      8705      0.239933014328
      8706      0.240018064039
      8707      0.240054666602
      8708      0.240184282489
      8709      0.240344115885
      8710      0.240399270655
      8711      0.240487614110
      8712      0.240575664793
      8713      0.240678934024
      8714      0.240782099778
      8715      0.240972331363
      8716      0.241036230487
      8717      0.241125667312
      8718      0.241322551483
      8719      0.241373300459
      8720      0.241575701641
      8721      0.241863754491
      8722      0.241922486328
      8723      0.242102815123
      8724      0.242238197722
      8725      0.242292683793
      8726      0.242398951121
      8727      0.242508618181
      8728      0.242560856536
      8729      0.242740257326
      8730      0.242891247628
      8731      0.243017199766
      8732      0.243200520668
      8733      0.243338465369
      8734      0.243445733979
      8735      0.243512530807
      8736      0.243693144080
      8737      0.243818020465
      8738      0.243962381920
      8739      0.244191974118
      8740      0.244229954992
      8741      0.244304062165
      8742      0.244414222141
      8743      0.244452592728
      8744      0.244618722998
      8745      0.244696844939
      8746      0.244815043101
      8747      0.245029332326
      8748      0.245057366239
      8749      0.245182522587
      8750      0.245313189684
      8751      0.245445441477
      8752      0.245607480627
      8753      0.245750294921
      8754      0.245848039680
      8755      0.245908433873
      8756      0.246086905003
      8757      0.246186203639
      8758      0.246451315616
      8759      0.246547330800
      8760      0.246573619753
      8761      0.246705052651
      8762      0.246850070777
      8763      0.246984346087
      8764      0.247190258110
      8765      0.247340782983
      8766      0.247523289699
      8767      0.247595238009
      8768      0.247662572646
      8769      0.247882165769
      8770      0.248020869118
      8771      0.248089698549
      8772      0.248205681979
      8773      0.248338384147
      8774      0.248406116471
      8775      0.248445148751
      8776      0.248637365562
      8777      0.248731111691
      8778      0.248956711594
      8779      0.248970581588
      8780      0.249058167933
      8781      0.249353411047
      8782      0.249526161479
      8783      0.249706962822
      8784      0.249746692699
      8785      0.249896386515
      8786      0.249994031590
      8787      0.250086459601
      8788      0.250144131197
      8789      0.250217595642
      8790      0.250478448124
      8791      0.250496756869
      8792      0.250619253690
      8793      0.250710836950
      8794      0.250769969521
      8795      0.251023825457
      8796      0.251085986776
      8797      0.251193269215
      8798      0.251437783995
      8799      0.251543266190
      8800      0.251650236827
      8801      0.251701585722
      8802      0.251947214759
      8803      0.252032397349
      8804      0.252197819818
      8805      0.252421575983
      8806      0.252538321290
      8807      0.252711053934
      8808      0.252767140356
      8809      0.252859997696
      8810      0.253040525394
      8811      0.253250424870
      8812      0.253370736029
      8813      0.253437656168
      8814      0.253710589094
      8815      0.253773916489
      8816      0.253867584228
      8817      0.253909193959
      8818      0.254052747791
      8819      0.254132472793
      8820      0.254308104124
      8821      0.254345213280
      8822      0.254479524610
      8823      0.254611580010
      8824      0.254830191050
      8825      0.255100985409
      8826      0.255195914419
      8827      0.255337385418
      8828      0.255440434629
      8829      0.255503615013
      8830      0.255595651040
      8831      0.255754482515
      8832      0.255994235261
      8833      0.256051034976
      8834      0.256245178168
      8835      0.256472175708
      8836      0.256589296982
      8837      0.256777324904
      8838      0.256850596625
      8839      0.256955318445
      8840      0.257140640284
      8841      0.257194879249
      8842      0.257307215151
      8843      0.257415111710
      8844      0.257519385540
      8845      0.257682569055
      8846      0.257840760374
      8847      0.258059708106
      8848      0.258242007794
      8849      0.258290013132
      8850      0.258477954629
      8851      0.258562213373
      8852      0.258854685184
      8853      0.258984215236
      8854      0.259155570597
      8855      0.259310498193
      8856      0.259437857904
      8857      0.259536420300
      8858      0.259629837708
      8859      0.259901498313
      8860      0.260059941959
      8861      0.260135143679
      8862      0.260159536813
      8863      0.260400695333
      8864      0.260582494247
      8865      0.260673202574
      8866      0.260812524910
      8867      0.260913770270
      8868      0.261051358787
      8869      0.261209363760
      8870      0.261388824441
      8871      0.261486630282
      8872      0.261693835090
      8873      0.261869718098
      8874      0.261911571683
      8875      0.262103637257
      8876      0.262271689849
      8877      0.262527012510
      8878      0.262636383590
      8879      0.262720516192
      8880      0.262846463477
      8881      0.263079866877
      8882      0.263173730597
      8883      0.263217266335
      8884      0.263378890020
      8885      0.263488470312
      8886      0.263753205221
      8887      0.263797095423
      8888      0.263888903171
      8889      0.263932083283
      8890      0.264142695770
      8891      0.264278272508
      8892      0.264529099953
      8893      0.264637031989
      8894      0.264758396899
      8895      0.264904467752
      8896      0.264926711145
      8897      0.265496642413
      8898      0.265651566575
      8899      0.265725521059
      8900      0.265884162919
      8901      0.265917852832
      8902      0.266250724290
      8903      0.266304585483
      8904      0.266461375855
      8905      0.266565170075
      8906      0.266688587468
      8907      0.266922468831
      8908      0.267162630261
      8909      0.267396043589
      8910      0.267416484493
      8911      0.267680430648
      8912      0.268028782852
      8913      0.268079993624
      8914      0.268347999731
      8915      0.268397020914
      8916      0.268757694091
      8917      0.268903227627
      8918      0.269058663998
      8919      0.269163065401
      8920      0.269314831424
      8921      0.269413252015
      8922      0.269534678140
      8923      0.269746882182
      8924      0.269863893433
      8925      0.270133765188
      8926      0.270444598350
      8927      0.270640815172
      8928      0.270713289237
      8929      0.270834262802
      8930      0.271021233203
      8931      0.271107824304
      8932      0.271397314778
      8933      0.271530747053
      8934      0.271770016472
      8935      0.271890654772
      8936      0.272209700701
      8937      0.272319696094
      8938      0.272506784768
      8939      0.272625954651
      8940      0.272946401234
      8941      0.273147846655
      8942      0.273337117961
      8943      0.273554577800
      8944      0.274202625998
      8945      0.274326866184
      8946      0.274680550437
      8947      0.274817318767
      8948      0.275233522434
      8949      0.275500393682
      8950      0.275776369562
      8951      0.276049332346
      8952      0.276298875018
      8953      0.276519978629
      8954      0.276963481450
      8955      0.277051396378
      8956      0.277270062546
      8957      0.277677621987
      8958      0.277862403188
      8959      0.278068588400
      8960      0.278538635870
      8961      0.278656380694
      8962      0.278835548696
      8963      0.279136972003
      8964      0.279519248477
      8965      0.279800774287
      8966      0.280109418653
      8967      0.280322100638
      8968      0.280665661932
      8969      0.280980054633
      8970      0.281270382357
      8971      0.281389529865
      8972      0.281469107201
      8973      0.281801274570
      8974      0.282153990209
      8975      0.282400484803
      8976      0.282502184411
      8977      0.282782612772
      8978      0.282920777617
      8979      0.283561587730
      8980      0.283625543081
      8981      0.283716681387
      8982      0.283971264043
      8983      0.284343660619
      8984      0.284604141786
      8985      0.284827066240
      8986      0.284971335021
      8987      0.285322379541
      8988      0.285566097819
      8989      0.285624454444
      8990      0.285828586114
      8991      0.286248991636
      8992      0.286443001962
      8993      0.286666495648
      8994      0.286803424916
      8995      0.286993598930
      8996      0.287243429540
      8997      0.287637999568
      8998      0.287766565818
      8999      0.288232608660
      9000      0.288462439427
      9001      0.288793859062
      9002      0.289142549002
      9003      0.289212558104
      9004      0.289388257302
      9005      0.289563100683
      9006      0.289791785948
      9007      0.289900484849
      9008      0.290558401094
      9009      0.290609508257
      9010      0.290800909815
      9011      0.291227429843
      9012      0.291315200514
      9013      0.291449287215
      9014      0.291893586101
      9015      0.292122149968
      9016      0.292355544486
      9017      0.292586865361
      9018      0.292690110105
      9019      0.292931629891
      9020      0.293133941351
      9021      0.293569558979
      9022      0.293719544736
      9023      0.294051617604
      9024      0.294370048091
      9025      0.294782011022
      9026      0.294913556711
      9027      0.295104542332
      9028      0.295285581611
      9029      0.295533490210
      9030      0.295732772033
      9031      0.295922889777
      9032      0.296145345356
      9033      0.296490292808
      9034      0.296699467035
      9035      0.296893005334
      9036      0.297120137452
      9037      0.297474039749
      9038      0.297564410076
      9039      0.297864820487
      9040      0.298080542651
      9041      0.298480848090
      9042      0.298771259125
      9043      0.298935566783
      9044      0.299088330972
      9045      0.299356510565
      9046      0.299551696665
      9047      0.299789429013
      9048      0.299896432053
      9049      0.300089325559
      9050      0.300259862516
      9051      0.300480480721
      9052      0.300723383631
      9053      0.300813089632
      9054      0.301154241311
      9055      0.301287807010
      9056      0.301666754591
      9057      0.301788130409
      9058      0.302016971260
      9059      0.302151720102
      9060      0.302373034531
      9061      0.302586930275
      9062      0.303222050172
      9063      0.303368696297
      9064      0.303510522057
      9065      0.303879411978
      9066      0.304079624272
      9067      0.304263810135
      9068      0.304409296865
      9069      0.304501652808
      9070      0.305023276247
      9071      0.305260660171
      9072      0.305319491845
      9073      0.305671673383
      9074      0.305950076544
      9075      0.306122862426
      9076      0.306327038813
      9077      0.306731822696
      9078      0.306831875225
      9079      0.307242545973
      9080      0.307427149468
      9081      0.307700999296
      9082      0.307919291497
      9083      0.307970585091
      9084      0.308193400635
      9085      0.308586531279
      9086      0.308702410457
      9087      0.309080992672
      9088      0.309308653382
      9089      0.309548759604
      9090      0.309907901861
      9091      0.310007191340
      9092      0.310202356521
      9093      0.310372243882
      9094      0.310571271886
      9095      0.311008067989
      9096      0.311147500054
      9097      0.311562346350
      9098      0.311682038154
      9099      0.311957613809
      9100      0.312271262545
      9101      0.312634756062
      9102      0.313161412727
      9103      0.313301060047
      9104      0.313459122589
      9105      0.313788110002
      9106      0.313888644292
      9107      0.314296270538
      9108      0.314503176565
      9109      0.314672051849
      9110      0.314849023871
      9111      0.315129520009
      9112      0.315538027811
      9113      0.315851606023
      9114      0.316001789227
      9115      0.316226432051
      9116      0.316927791197
      9117      0.316960736442
      9118      0.317007268275
      9119      0.317305747380
      9120      0.317443562576
      9121      0.317622803783
      9122      0.317967640257
      9123      0.318422879620
      9124      0.318656003048
      9125      0.319009577332
      9126      0.319211269153
      9127      0.319291457050
      9128      0.319639688159
      9129      0.320029849217
      9130      0.320384758967
      9131      0.320455897782
      9132      0.320553075139
      9133      0.321039105831
      9134      0.321386537539
      9135      0.321492961510
      9136      0.321619480235
      9137      0.322139962677
      9138      0.322367796347
      9139      0.322589756830
      9140      0.322858935744
      9141      0.323135487114
      9142      0.323210619123
      9143      0.323496820836
      9144      0.323966028528
      9145      0.324270915543
      9146      0.324666897371
      9147      0.324797489814
      9148      0.324976131922
      9149      0.325026082899
      9150      0.325228159918
      9151      0.325735518841
      9152      0.325985638526
      9153      0.326115022627
      9154      0.326329644206
      9155      0.326640948365
      9156      0.326961078475
      9157      0.327247978471
      9158      0.327436225967
      9159      0.327602905019
      9160      0.327854128322
      9161      0.328280699183
      9162      0.328564668893
      9163      0.328911689804
      9164      0.329105413497
      9165      0.329172012120
      9166      0.329316082929
      9167      0.329765938941
      9168      0.330016140818
      9169      0.330124203273
      9170      0.330283153017
      9171      0.330687379829
      9172      0.331126462926
      9173      0.331254176668
      9174      0.331632119697
      9175      0.331759273270
      9176      0.332027198776
      9177      0.332133608919
      9178      0.332408815269
      9179      0.332574133318
      9180      0.332863681955
      9181      0.333166214211
      9182      0.333335561493
      9183      0.333535820438
      9184      0.333723677066
      9185      0.333836590845
      9186      0.334158324706
      9187      0.334243547099
      9188      0.334621044420
      9189      0.335006856111
      9190      0.335396880092
      9191      0.335629711193
      9192      0.336189045762
      9193      0.336323015084
      9194      0.336463127213
      9195      0.336644525132
      9196      0.336968273278
      9197      0.337392250457
      9198      0.337598276523
      9199      0.338010885388
      9200      0.338523355762
      9201      0.339039503508
      9202      0.339339382918
      9203      0.339528257034
      9204      0.339757410144
      9205      0.340056795517
      9206      0.340454012253
      9207      0.340692745892
      9208      0.340847033221
      9209      0.341452454907
      9210      0.341720119882
      9211      0.341972831492
      9212      0.342413317678
      9213      0.342716568719
      9214      0.342956383657
      9215      0.343205786695
      9216      0.343661838745
      9217      0.343896716461
      9218      0.344078482743
      9219      0.344295906535
      9220      0.344640150290
      9221      0.344910573420
      9222      0.345225378954
      9223      0.345388790675
      9224      0.345644893573
      9225      0.345767198877
      9226      0.346006252240
      9227      0.346325950224
      9228      0.346498371986
      9229      0.346796892752
      9230      0.347120785030
      9231      0.347399686229
      9232      0.347648952189
      9233      0.347883578030
      9234      0.348264121594
      9235      0.348832979542
      9236      0.348925486553
      9237      0.349388067664
      9238      0.349825939030
      9239      0.349965292524
      9240      0.350323961437
      9241      0.350456204637
      9242      0.350764865255
      9243      0.351085701353
      9244      0.351266434470
      9245      0.351388375961
      9246      0.351869296921
      9247      0.352169221537
      9248      0.352316107953
      9249      0.352727745096
      9250      0.352973488813
      9251      0.353256734379
      9252      0.353274288174
      9253      0.353573620729
      9254      0.353843153553
      9255      0.354121005475
      9256      0.354436862781
      9257      0.354694704094
      9258      0.355007598077
      9259      0.355184446019
      9260      0.355461540005
      9261      0.355637036704
      9262      0.355901637925
      9263      0.356226450881
      9264      0.356371974913
      9265      0.356844892399
      9266      0.357047499586
      9267      0.357456903984
      9268      0.357586408437
      9269      0.357791934345
      9270      0.358035260108
      9271      0.358274121290
      9272      0.358630058180
      9273      0.359267498085
      9274      0.359697965245
      9275      0.359897391785
      9276      0.360031613498
      9277      0.360367054991
      9278      0.361105071780
      9279      0.361315333483
      9280      0.361404715178
      9281      0.361594046443
      9282      0.361914433008
      9283      0.361999119677
      9284      0.362101570554
      9285      0.362708054059
      9286      0.362847302578
      9287      0.363034648313
      9288      0.363243534323
      9289      0.363638334572
      9290      0.364121883680
      9291      0.364357092006
      9292      0.364788846030
      9293      0.364989380454
      9294      0.365038335996
      9295      0.365347132469
      9296      0.365571882955
      9297      0.366025538334
      9298      0.366263119784
      9299      0.366498442589
      9300      0.366632237340
      9301      0.366855365833
      9302      0.367209178935
      9303      0.367609969581
      9304      0.367751071078
      9305      0.368118546659
      9306      0.368184660520
      9307      0.368696994721
      9308      0.368974453509
      9309      0.369069284633
      9310      0.369287352898
      9311      0.369552750882
      9312      0.369879033659
      9313      0.370122207226
      9314      0.370442738702
      9315      0.370541722780
      9316      0.370817211805
      9317      0.371019501705
      9318      0.371484999942
      9319      0.371652556691
      9320      0.371762938503
      9321      0.372074032433
      9322      0.372435945561
      9323      0.372637411966
      9324      0.372837331193
      9325      0.373045839585
      9326      0.373486318314
      9327      0.373706391416
      9328      0.373870980699
      9329      0.374089683012
      9330      0.374240716187
      9331      0.374802438841
      9332      0.374837704061
      9333      0.375262512480
      9334      0.375464548564
      9335      0.375587428254
      9336      0.375862194160
      9337      0.375936873148
      9338      0.376232029511
      9339      0.376455142092
      9340      0.376678095928
      9341      0.376824082016
      9342      0.377082943858
      9343      0.377305485601
      9344      0.377460523233
      9345      0.377657080330
      9346      0.378088803539
      9347      0.378282047669
      9348      0.378404723803
      9349      0.378601716029
      9350      0.378726895048
      9351      0.378979143482
      9352      0.379118064525
      9353      0.379624866200
      9354      0.379992373593
      9355      0.380076307634
      9356      0.380454235980
      9357      0.380728319098
      9358      0.380832603187
      9359      0.380994314287
      9360      0.381276763618
      9361      0.381561771796
      9362      0.381606724721
      9363      0.381863534566
      9364      0.382015749992
      9365      0.382290034323
      9366      0.382531357434
      9367      0.382836438093
      9368      0.383109455235
      9369      0.383300112400
      9370      0.383520857136
      9371      0.383632007056
      9372      0.384013315920
      9373      0.384219149144
      9374      0.384684025148
      9375      0.384776245229
      9376      0.384892560884
      9377      0.385078455230
      9378      0.385157545495
      9379      0.385387151520
      9380      0.385732277830
      9381      0.385818539379
      9382      0.386174830927
      9383      0.386337605663
      9384      0.386522712082
      9385      0.386747280133
      9386      0.386817953529
      9387      0.386879609853
      9388      0.387363380304
      9389      0.387378475825
      9390      0.387814543506
      9391      0.387833135963
      9392      0.388027504875
      9393      0.388387966250
      9394      0.388694221110
      9395      0.388817400022
      9396      0.389111762604
      9397      0.389359903521
      9398      0.389506228246
      9399      0.389641375548
      9400      0.389882629378
      9401      0.389982013926
      9402      0.390343279365
      9403      0.390542770576
      9404      0.390735698118
      9405      0.391052665415
      9406      0.391149430551
      9407      0.391447305185
      9408      0.391557645103
      9409      0.391931187967
      9410      0.392238608817
      9411      0.392439755763
      9412      0.392526210636
      9413      0.392915027359
      9414      0.393181914657
      9415      0.393284911917
      9416      0.393334754064
      9417      0.393492541216
      9418      0.393535481415
      9419      0.393789219672
      9420      0.394206675580
      9421      0.394509101046
      9422      0.394598196970
      9423      0.394687380614
      9424      0.394871635923
      9425      0.395084691365
      9426      0.395248872168
      9427      0.395339093742
      9428      0.395535880593
      9429      0.395844087169
      9430      0.396228772362
      9431      0.396437955439
      9432      0.396918704940
      9433      0.397018598431
      9434      0.397206439665
      9435      0.397355644433
      9436      0.397577583849
      9437      0.397692384163
      9438      0.397962033058
      9439      0.398192088290
      9440      0.398371590343
      9441      0.398778224837
      9442      0.398899309942
      9443      0.399109600228
      9444      0.399318373009
      9445      0.399390921709
      9446      0.399553586096
      9447      0.399820819906
      9448      0.399972161992
      9449      0.400110221839
      9450      0.400413805357
      9451      0.400555994817
      9452      0.400638032825
      9453      0.400902566550
      9454      0.401147155010
      9455      0.401430322290
      9456      0.401654891397
      9457      0.401863329432
      9458      0.402112697103
      9459      0.402283096349
      9460      0.402515559755
      9461      0.402814206928
      9462      0.402921324972
      9463      0.403099423392
      9464      0.403297981439
      9465      0.403489843977
      9466      0.403684147483
      9467      0.403814788037
      9468      0.403952191171
      9469      0.404462862031
      9470      0.404681432823
      9471      0.404842892247
      9472      0.405094975983
      9473      0.405317049959
      9474      0.405587791517
      9475      0.405659381141
      9476      0.405773561229
      9477      0.406034033923
      9478      0.406315107524
      9479      0.406476489103
      9480      0.406616346484
      9481      0.406960278285
      9482      0.407281410655
      9483      0.407482537645
      9484      0.407715394644
      9485      0.407881434268
      9486      0.407951154085
      9487      0.408189789461
      9488      0.408351843743
      9489      0.408548406372
      9490      0.408731200448
      9491      0.409001954525
      9492      0.409083789383
      9493      0.409216336242
      9494      0.409494820204
      9495      0.409552399138
      9496      0.409901969021
      9497      0.409985695958
      9498      0.410256275390
      9499      0.410570695640
      9500      0.410848432990
      9501      0.411003803186
      9502      0.411144085354
      9503      0.411386996422
      9504      0.411695446626
      9505      0.411851345040
      9506      0.412020727626
      9507      0.412303181381
      9508      0.412548049310
      9509      0.412638803659
      9510      0.412935673369
      9511      0.413222480545
      9512      0.413470802003
      9513      0.413758982571
      9514      0.413826324165
      9515      0.413939181596
      9516      0.414068557298
      9517      0.414221539606
      9518      0.414439504181
      9519      0.414592579926
      9520      0.414862759285
      9521      0.415001104175
      9522      0.415133415031
      9523      0.415265549185
      9524      0.415617403571
      9525      0.415820964595
      9526      0.416019457359
      9527      0.416174464310
      9528      0.416442201808
      9529      0.416521954661
      9530      0.416637001343
      9531      0.416770833558
      9532      0.417197013456
      9533      0.417369377072
      9534      0.417800737354
      9535      0.417906723401
      9536      0.417966118077
      9537      0.418308226400
      9538      0.418486561155
      9539      0.418708330083
      9540      0.418847439275
      9541      0.419101142662
      9542      0.419309709672
      9543      0.419582026209
      9544      0.419807407234
      9545      0.419928959617
      9546      0.420173832567
      9547      0.420407285303
      9548      0.420480868989
      9549      0.420743108137
      9550      0.420877468485
      9551      0.421006342922
      9552      0.421107339216
      9553      0.421529462562
      9554      0.421653891646
      9555      0.421809424921
      9556      0.422012104656
      9557      0.422120881049
      9558      0.422343680499
      9559      0.422507620671
      9560      0.422644127471
      9561      0.422903276904
      9562      0.423003376116
      9563      0.423346709695
      9564      0.423573705435
      9565      0.423686742494
      9566      0.424052111740
      9567      0.424130210021
      9568      0.424265531965
      9569      0.424558859745
      9570      0.424791269251
      9571      0.425143893576
      9572      0.425346485982
      9573      0.425547275514
      9574      0.425615725677
      9575      0.425762383679
      9576      0.426378296270
      9577      0.426523412701
      9578      0.426754691236
      9579      0.426805295528
      9580      0.427207243951
      9581      0.427223064861
      9582      0.427466530019
      9583      0.427716965469
      9584      0.427781052247
      9585      0.427988950672
      9586      0.428194393856
      9587      0.428565642453
      9588      0.428703045840
      9589      0.428798614577
      9590      0.429390987598
      9591      0.429574346425
      9592      0.429704773895
      9593      0.429945790636
      9594      0.430129384671
      9595      0.430243476186
      9596      0.430346106553
      9597      0.430938165457
      9598      0.430963976873
      9599      0.431347814706
      9600      0.431577306015
      9601      0.431739075599
      9602      0.431834460481
      9603      0.431900606785
      9604      0.432412951463
      9605      0.432678857305
      9606      0.432852695600
      9607      0.432932738280
      9608      0.433025364159
      9609      0.433252449923
      9610      0.433652528349
      9611      0.433824758011
      9612      0.434075193281
      9613      0.434314785162
      9614      0.434584444898
      9615      0.434732816047
      9616      0.434760623295
      9617      0.434936124388
      9618      0.435089128504
      9619      0.435291187723
      9620      0.435473611068
      9621      0.435627740538
      9622      0.435896358920
      9623      0.436139133707
      9624      0.436216972773
      9625      0.436529677892
      9626      0.436781596689
      9627      0.436954025267
      9628      0.437094084194
      9629      0.437297566805
      9630      0.437566365693
      9631      0.437662675231
      9632      0.437790382715
      9633      0.437922663032
      9634      0.438273842518
      9635      0.438337300367
      9636      0.438544282318
      9637      0.438671635798
      9638      0.438992473928
      9639      0.439180646504
      9640      0.439292187928
      9641      0.439332855352
      9642      0.439664273544
      9643      0.440029832803
      9644      0.440260912340
      9645      0.440315732111
      9646      0.440412054052
      9647      0.440812852761
      9648      0.440840773017
      9649      0.440964539889
      9650      0.441279350965
      9651      0.441528612073
      9652      0.441840103305
      9653      0.441977873148
      9654      0.442208062312
      9655      0.442632862526
      9656      0.442971692376
      9657      0.443083590374
      9658      0.443363242413
      9659      0.443474144852
      9660      0.443768540935
      9661      0.443976596253
      9662      0.444175349732
      9663      0.444375803942
      9664      0.444454946482
      9665      0.444783762296
      9666      0.445089117625
      9667      0.445229945238
      9668      0.445598975578
      9669      0.445812928620
      9670      0.445902832657
      9671      0.446035119502
      9672      0.446362159027
      9673      0.446622884071
      9674      0.446924449385
      9675      0.446959782847
      9676      0.447305593717
      9677      0.447610957765
      9678      0.447759792139
      9679      0.447863783652
      9680      0.448108522598
      9681      0.448371707189
      9682      0.448414810703
      9683      0.448652898943
      9684      0.448807811448
      9685      0.448909923662
      9686      0.449264311149
      9687      0.449659921911
      9688      0.449808635345
      9689      0.450017852580
      9690      0.450183559890
      9691      0.450338995864
      9692      0.450493637530
      9693      0.450547385846
      9694      0.450916898770
      9695      0.451009200187
      9696      0.451537231592
      9697      0.451679183520
      9698      0.451926123616
      9699      0.451978079680
      9700      0.452129470730
      9701      0.452420327584
      9702      0.452502276151
      9703      0.452633041978
      9704      0.453068217318
      9705      0.453173197839
      9706      0.453436436247
      9707      0.453578233969
      9708      0.453610035726
      9709      0.454208834622
      9710      0.454434165269
      9711      0.454513394960
      9712      0.454851429675
      9713      0.455110988555
      9714      0.455501218791
      9715      0.455565418960
      9716      0.455849350224
      9717      0.456060578382
      9718      0.456124506206
      9719      0.456493529656
      9720      0.456633511185
      9721      0.457058238470
      9722      0.457272236668
      9723      0.457376703804
      9724      0.457747517489
      9725      0.457790136315
      9726      0.457957300730
      9727      0.458219811747
      9728      0.458685090329
      9729      0.458830409248
      9730      0.459221183765
      9731      0.459306569913
      9732      0.459675065714
      9733      0.459740288095
      9734      0.459885440061
      9735      0.460034744771
      9736      0.460456987261
      9737      0.460530227898
      9738      0.460737996900
      9739      0.461143977578
      9740      0.461226173097
      9741      0.461664806873
      9742      0.461817866384
      9743      0.462053656645
      9744      0.462226611255
      9745      0.462533388171
      9746      0.462640570494
      9747      0.462907247197
      9748      0.463096358855
      9749      0.463188933462
      9750      0.463654102010
      9751      0.463879980547
      9752      0.464076976809
      9753      0.464243708167
      9754      0.464404896839
      9755      0.464639154669
      9756      0.464950148321
      9757      0.465202445361
      9758      0.465261161048
      9759      0.465460596763
      9760      0.465589677603
      9761      0.465882801367
      9762      0.466078968977
      9763      0.466110504881
      9764      0.466400927434
      9765      0.466571735077
      9766      0.467021176651
      9767      0.467197465378
      9768      0.467300937223
      9769      0.467851224025
      9770      0.467982954529
      9771      0.468087335661
      9772      0.468277134291
      9773      0.468364516137
      9774      0.468686332413
      9775      0.468979440859
      9776      0.469024985309
      9777      0.469200861312
      9778      0.469302539957
      9779      0.469316771100
      9780      0.469530161557
      9781      0.469679371888
      9782      0.470017257021
      9783      0.470407772001
      9784      0.470560675070
      9785      0.470743520569
      9786      0.470999691046
      9787      0.471273058468
      9788      0.471351139914
      9789      0.471440893633
      9790      0.472150314875
      9791      0.472435311688
      9792      0.472482238227
      9793      0.472577262043
      9794      0.472737852433
      9795      0.472861734259
      9796      0.473306461624
      9797      0.473420144716
      9798      0.473469806807
      9799      0.473826510604
      9800      0.474086059550
      9801      0.474395048645
      9802      0.474510185686
      9803      0.474953080640
      9804      0.475377317549
      9805      0.475548379905
      9806      0.475840443355
      9807      0.475928173132
      9808      0.476254625382
      9809      0.476453956280
      9810      0.476833724124
      9811      0.477016929210
      9812      0.477143135389
      9813      0.477351028455
      9814      0.477456995224
      9815      0.477551046735
      9816      0.478038474505
      9817      0.478171999943
      9818      0.478402209959
      9819      0.478589984786
      9820      0.478773786663
      9821      0.478886203148
      9822      0.479370270527
      9823      0.479605598071
      9824      0.479670562650
      9825      0.479706265551
      9826      0.480171613920
      9827      0.480426560928
      9828      0.480684930734
      9829      0.480857834290
      9830      0.480991504821
      9831      0.481413642068
      9832      0.481717751085
      9833      0.481839815600
      9834      0.481891302007
      9835      0.482142885761
      9836      0.482330793558
      9837      0.482901393344
      9838      0.483133803312
      9839      0.483370968542
      9840      0.483534910901
      9841      0.483630544537
      9842      0.484179441803
      9843      0.484365318899
      9844      0.484599534399
      9845      0.484701945615
      9846      0.485109772378
      9847      0.485143517155
      9848      0.485720658097
      9849      0.485750271521
      9850      0.485934752777
      9851      0.486166893051
      9852      0.486382105416
      9853      0.486817091807
      9854      0.487057788467
      9855      0.487233977519
      9856      0.487435435318
      9857      0.487957159826
      9858      0.488346349185
      9859      0.488403067594
      9860      0.488540407407
      9861      0.488955589285
      9862      0.489128223776
      9863      0.489690336083
      9864      0.489751094591
      9865      0.490037373950
      9866      0.490276834477
      9867      0.490410959508
      9868      0.490665695054
      9869      0.490923597008
      9870      0.491239434303
      9871      0.491452006993
      9872      0.491812668565
      9873      0.492043304229
      9874      0.492165078845
      9875      0.492392977959
      9876      0.492491858121
      9877      0.492677700128
      9878      0.493058740638
      9879      0.493126793062
      9880      0.493592373457
      9881      0.493688949005
      9882      0.494113961297
      9883      0.494158476901
      9884      0.494312224266
      9885      0.494733138000
      9886      0.494874255055
      9887      0.495051291959
      9888      0.495317221074
      9889      0.495358799716
      9890      0.495626896138
      9891      0.495926782562
      9892      0.496070446133
      9893      0.496517493082
      9894      0.496854148732
      9895      0.496981942747
      9896      0.497196540851
      9897      0.497479398082
      9898      0.497757939292
      9899      0.497943036544
      9900      0.498727196035
      9901      0.499126923411
      9902      0.499207496046
      9903      0.499622077250
      9904      0.499841190069
      9905      0.499999868036
      9906      0.500207776686
      9907      0.500433218451
      9908      0.500623213518
      9909      0.500724772435
      9910      0.501278350606
      9911      0.501493097223
      9912      0.501677684608
      9913      0.502158403484
      9914      0.502303877390
      9915      0.502415772967
      9916      0.502717260745
      9917      0.503430843785
      9918      0.503581318168
      9919      0.503673926907
      9920      0.503740438729
      9921      0.503880844771
      9922      0.504170557012
      9923      0.504240409789
      9924      0.504634954253
      9925      0.504689087057
      9926      0.504969456967
      9927      0.505352805470
      9928      0.505601709452
      9929      0.505715070790
      9930      0.506156904228
      9931      0.506280486879
      9932      0.506640575436
      9933      0.507141886607
      9934      0.507774242286
      9935      0.507888045822
      9936      0.508350691413
      9937      0.508748691476
      9938      0.508802174177
      9939      0.509157768426
      9940      0.509630143075
      9941      0.509917135435
      9942      0.510070234902
      9943      0.510213411008
      9944      0.510873468693
      9945      0.511021890905
      9946      0.511319444216
      9947      0.511484110642
      9948      0.511864657796
      9949      0.512279431658
      9950      0.512489937934
      9951      0.512757028679
      9952      0.512934677497
      9953      0.513210699819
      9954      0.513561983373
      9955      0.513654263970
      9956      0.514038797620
      9957      0.514095657436
      9958      0.514624217529
      9959      0.514754587552
      9960      0.514962312707
      9961      0.515275296886
      9962      0.515488726931
      9963      0.515592036442
      9964      0.515891181960
      9965      0.515998959110
      9966      0.516292976183
      9967      0.516314607055
      9968      0.516645324911
      9969      0.516851122199
      9970      0.517070314303
      9971      0.517349199276
      9972      0.517840999889
      9973      0.517962304581
      9974      0.518246273101
      9975      0.518635994869
      9976      0.518691631751
      9977      0.519087173697
      9978      0.519409002056
      9979      0.519647594567
      9980      0.520030248169
      9981      0.520115376218
      9982      0.520340405429
      9983      0.520554814983
      9984      0.520836045529
      9985      0.520957217941
      9986      0.521462812348
      9987      0.521843596599
      9988      0.521968368989
      9989      0.522147094401
      9990      0.522301644539
      9991      0.522518838693
      9992      0.523039697700
      9993      0.523212233247
      9994      0.523515284909
      9995      0.523993147821
      9996      0.524216902102
      9997      0.524729568316
      9998      0.524945253557
      9999      0.525257471762
     10000      0.525531856528
     10001      0.525870513275
     10002      0.526214893842
     10003      0.526476712662
     10004      0.526668235291
     10005      0.527135486383
     10006      0.527340106296
     10007      0.527555980267
     10008      0.527809481599
     10009      0.527846334583
     10010      0.528033416394
     10011      0.528393127654
     10012      0.528621157122
     10013      0.528750523455
     10014      0.529017319088
     10015      0.529102710434
     10016      0.529131159008
     10017      0.529424850008
     10018      0.529677320004
     10019      0.529739999638
     10020      0.529817128814
     10021      0.530371113055
     10022      0.530584650901
     10023      0.530930629641
     10024      0.530960605940
     10025      0.531157945523
     10026      0.531549589380
     10027      0.531867988924
     10028      0.531999833638
     10029      0.532290777873
     10030      0.532587879085
     10031      0.532720192065
     10032      0.533009140088
     10033      0.533077054651
     10034      0.533424967311
     10035      0.533593095334
     10036      0.533846987215
     10037      0.533961246777
     10038      0.534244983683
     10039      0.534491898646
     10040      0.534719674121
     10041      0.534904858922
     10042      0.535113066263
     10043      0.535278477439
     10044      0.535555147248
     10045      0.535842288936
     10046      0.535905152661
     10047      0.536149583721
     10048      0.536242387854
     10049      0.536708741258
     10050      0.536960876211
     10051      0.536990455841
     10052      0.537139037094
     10053      0.537747249786
     10054      0.537996370799
     10055      0.538084384844
     10056      0.538329944555
     10057      0.538862365506
     10058      0.538886109797
     10059      0.538975297251
     10060      0.539143068000
     10061      0.539339084529
     10062      0.539768985301
     10063      0.539834735609
     10064      0.540091476253
     10065      0.540399245184
     10066      0.540641044606
     10067      0.540705453462
     10068      0.541066940510
     10069      0.541328348476
     10070      0.541540350058
     10071      0.541703118208
     10072      0.541975658130
     10073      0.542006455685
     10074      0.542117899376
     10075      0.542285186438
     10076      0.542517669184
     10077      0.542980605199
     10078      0.543087246170
     10079      0.543258530786
     10080      0.543468290206
     10081      0.543832579307
     10082      0.543976286281
     10083      0.544194491622
     10084      0.544449213757
     10085      0.544681725749
     10086      0.544795817939
     10087      0.545291233264
     10088      0.545536521328
     10089      0.545792906129
     10090      0.545843493230
     10091      0.546127971765
     10092      0.546627728917
     10093      0.547156979698
     10094      0.547430585633
     10095      0.547665426546
     10096      0.547899156369
     10097      0.548154828181
     10098      0.548509363636
     10099      0.548886956005
     10100      0.549104733012
     10101      0.549368123329
     10102      0.549770764745
     10103      0.550162061299
     10104      0.550422076613
     10105      0.550850250536
     10106      0.551004186373
     10107      0.551186780973
     10108      0.551284854040
     10109      0.551935358426
     10110      0.552072337347
     10111      0.552223491857
     10112      0.552579479296
     10113      0.553248664427
     10114      0.553510788381
     10115      0.553801258844
     10116      0.554278366966
     10117      0.554434251223
     10118      0.554484054307
     10119      0.554641069962
     10120      0.554950557481
     10121      0.555113719357
     10122      0.555378890091
     10123      0.555696500206
     10124      0.555945694307
     10125      0.556152255023
     10126      0.556294208075
     10127      0.556608800452
     10128      0.557097185455
     10129      0.557514438699
     10130      0.557662330564
     10131      0.557865927191
     10132      0.558063246438
     10133      0.558368170451
     10134      0.558701738307
     10135      0.558957902438
     10136      0.559103927776
     10137      0.559516112873
     10138      0.559803826001
     10139      0.559886310131
     10140      0.560289569996
     10141      0.560569677355
     10142      0.560735953201
     10143      0.560954343172
     10144      0.561057708911
     10145      0.561286433869
     10146      0.561500498929
     10147      0.561822322341
     10148      0.562012610050
     10149      0.562172191930
     10150      0.562776529889
     10151      0.562868818582
     10152      0.563220307334
     10153      0.563423398236
     10154      0.563479686574
     10155      0.564133870558
     10156      0.564244884968
     10157      0.564309310176
     10158      0.564557292329
     10159      0.564685680533
     10160      0.564868513744
     10161      0.565232421243
     10162      0.565468142045
     10163      0.565734632856
     10164      0.565982368759
     10165      0.566276201032
     10166      0.566570416836
     10167      0.566766563214
     10168      0.567389593924
     10169      0.567516754891
     10170      0.567689847616
     10171      0.567877958558
     10172      0.568076952437
     10173      0.568453533914
     10174      0.568743243487
     10175      0.569046626340
     10176      0.569118278533
     10177      0.569420890289
     10178      0.569855235742
     10179      0.569912253610
     10180      0.570213332137
     10181      0.570423620683
     10182      0.570725974117
     10183      0.571231124909
     10184      0.571502276718
     10185      0.572056957324
     10186      0.572241340617
     10187      0.572315854958
     10188      0.572511659690
     10189      0.572827845640
     10190      0.573071837421
     10191      0.573232122039
     10192      0.573608846372
     10193      0.573981374123
     10194      0.574254243852
     10195      0.574722163844
     10196      0.574809436345
     10197      0.575058609545
     10198      0.575311141000
     10199      0.575477644740
     10200      0.575695207393
     10201      0.576068528956
     10202      0.576243282284
     10203      0.576578887023
     10204      0.576769963722
     10205      0.577116408674
     10206      0.577555696285
     10207      0.577810517394
     10208      0.578128704793
     10209      0.578392847777
     10210      0.578500161989
     10211      0.578709490049
     10212      0.579119147171
     10213      0.579349618292
     10214      0.579860535016
     10215      0.580149673629
     10216      0.580238292564
     10217      0.580443465848
     10218      0.580517959199
     10219      0.580765593810
     10220      0.581181827597
     10221      0.581542219221
     10222      0.581868696819
     10223      0.582139646314
     10224      0.582204238781
     10225      0.582310635873
     10226      0.582718857988
     10227      0.582983934619
     10228      0.583119924886
     10229      0.583266862245
     10230      0.583484627427
     10231      0.583514796478
     10232      0.583690632847
     10233      0.583831552174
     10234      0.584114528648
     10235      0.584451215239
     10236      0.584644585012
     10237      0.584792789282
     10238      0.584907713193
     10239      0.585165755531
     10240      0.585270195099
     10241      0.585551896755
     10242      0.585794804368
     10243      0.585976481600
     10244      0.586194504628
     10245      0.586344282025
     10246      0.586455628757
     10247      0.586632512332
     10248      0.586768124579
     10249      0.586876497329
     10250      0.587121785980
     10251      0.587211184538
     10252      0.587496498277
     10253      0.587670436012
     10254      0.587841930704
     10255      0.587995267124
     10256      0.588053905224
     10257      0.588509925765
     10258      0.588540395084
     10259      0.588802971726
     10260      0.588954333583
     10261      0.589102983997
     10262      0.589246560436
     10263      0.589511256913
     10264      0.589692612840
     10265      0.589863266039
     10266      0.590167687758
     10267      0.590208354685
     10268      0.590403788355
     10269      0.590559713582
     10270      0.590707786023
     10271      0.590841200216
     10272      0.590992213945
     10273      0.591214978086
     10274      0.591432737528
     10275      0.591574852238
     10276      0.591584969046
     10277      0.591872221573
     10278      0.591937671929
     10279      0.592024653371
     10280      0.592272620122
     10281      0.592394137254
     10282      0.592477263449
     10283      0.592620941964
     10284      0.592789884179
     10285      0.592879212603
     10286      0.593126622194
     10287      0.593307819720
     10288      0.593420719163
     10289      0.593594715107
     10290      0.593725847575
     10291      0.593843650452
     10292      0.593928553947
     10293      0.594182250478
     10294      0.594259167771
     10295      0.594461423010
     10296      0.594552518379
     10297      0.594739452411
     10298      0.594870221980
     10299      0.595177068148
     10300      0.595268886650
     10301      0.595573277776
     10302      0.595750694436
     10303      0.595883226817
     10304      0.596198279166
     10305      0.596373416118
     10306      0.596642722538
     10307      0.596796491892
     10308      0.597010337790
     10309      0.597236217939
     10310      0.597297146853
     10311      0.597445031558
     10312      0.597815116070
     10313      0.597852283503
     10314      0.597971040088
     10315      0.598129696551
     10316      0.598267776002
     10317      0.598464177366
     10318      0.598547924528
     10319      0.598679155346
     10320      0.598877445994
     10321      0.599012196033
     10322      0.599278324475
     10323      0.599420986410
     10324      0.599521342266
     10325      0.599774583607
     10326      0.599935456258
     10327      0.600093994589
     10328      0.600366248941
     10329      0.600421828911
     10330      0.600585758424
     10331      0.600670440882
     10332      0.600723116187
     10333      0.601101732124
     10334      0.601208608270
     10335      0.601303871814
     10336      0.601407046727
     10337      0.601721011251
     10338      0.601754802647
     10339      0.602058422495
     10340      0.602179922453
     10341      0.602395036677
     10342      0.602503260940
     10343      0.602723098221
     10344      0.602919512519
     10345      0.603198852365
     10346      0.603319887720
     10347      0.603620172106
     10348      0.603778028823
     10349      0.603924640383
     10350      0.604130293633
     10351      0.604203681202
     10352      0.604484898907
     10353      0.604597015386
     10354      0.604714712144
     10355      0.604999096999
     10356      0.605128612889
     10357      0.605364998925
     10358      0.605616446915
     10359      0.605788739558
     10360      0.605933320676
     10361      0.606068472417
     10362      0.606260396262
     10363      0.606414556487
     10364      0.606620019395
     10365      0.606842919164
     10366      0.606973040822
     10367      0.607165348132
     10368      0.607374751154
     10369      0.607655898992
     10370      0.607803642762
     10371      0.607870277018
     10372      0.608189412134
     10373      0.608257329852
     10374      0.608518753351
     10375      0.608804864475
     10376      0.609029234218
     10377      0.609089222540
     10378      0.609332990594
     10379      0.609372331464
     10380      0.609766854911
     10381      0.609852768584
     10382      0.610010417668
     10383      0.610132273952
     10384      0.610374116671
     10385      0.610685845375
     10386      0.610771110393
     10387      0.611131162530
     10388      0.611187181864
     10389      0.611444924632
     10390      0.611688358144
     10391      0.611858354963
     10392      0.612140885554
     10393      0.612306414427
     10394      0.612506629215
     10395      0.612583541037
     10396      0.612743259428
     10397      0.612818480654
     10398      0.613149510695
     10399      0.613339716893
     10400      0.613630888792
     10401      0.613732572608
     10402      0.613877183355
     10403      0.614195104451
     10404      0.614359690584
     10405      0.614502006539
     10406      0.614677876664
     10407      0.614880253638
     10408      0.615063226014
     10409      0.615256168247
     10410      0.615717505370
     10411      0.615864754624
     10412      0.616091368892
     10413      0.616190482216
     10414      0.616278928003
     10415      0.616519008335
     10416      0.616701354112
     10417      0.616764232481
     10418      0.616981518758
     10419      0.617362869786
     10420      0.617693344098
     10421      0.617778683238
     10422      0.617922200556
     10423      0.618011982629
     10424      0.618174884903
     10425      0.618423492230
     10426      0.618764092671
     10427      0.618959284951
     10428      0.619162234293
     10429      0.619397771161
     10430      0.619471827851
     10431      0.619736774634
     10432      0.619963832929
     10433      0.620278437942
     10434      0.620361645346
     10435      0.620540686023
     10436      0.620758313565
     10437      0.620917737122
     10438      0.621261065824
     10439      0.621438687846
     10440      0.621644079607
     10441      0.621757395975
     10442      0.621821048067
     10443      0.622160268467
     10444      0.622216196471
     10445      0.622484689237
     10446      0.622572451524
     10447      0.622959412597
     10448      0.623093082776
     10449      0.623117285646
     10450      0.623493890730
     10451      0.623808579899
     10452      0.623983858918
     10453      0.624056252752
     10454      0.624240928646
     10455      0.624490991143
     10456      0.624691409425
     10457      0.624913917261
     10458      0.625074932646
     10459      0.625303426015
     10460      0.625477620961
     10461      0.626194820188
     10462      0.626386052156
     10463      0.626521041626
     10464      0.626545573521
     10465      0.626756317266
     10466      0.627070618923
     10467      0.627407506683
     10468      0.627856187706
     10469      0.627901778548
     10470      0.628293364776
     10471      0.628428038455
     10472      0.628683483194
     10473      0.628933576546
     10474      0.629095612052
     10475      0.629257675891
     10476      0.629294500490
     10477      0.629573866812
     10478      0.629972758855
     10479      0.630094386681
     10480      0.630295155944
     10481      0.630581859062
     10482      0.630836118928
     10483      0.630945403288
     10484      0.631173373262
     10485      0.631250075342
     10486      0.631570372189
     10487      0.631675316818
     10488      0.631928628780
     10489      0.632028547728
     10490      0.632309694601
     10491      0.632603361830
     10492      0.632798562600
     10493      0.633005267237
     10494      0.633122074989
     10495      0.633308596630
     10496      0.633551522092
     10497      0.633944031994
     10498      0.634238468750
     10499      0.634348020528
     10500      0.634448436670
     10501      0.634605752447
     10502      0.634998996666
     10503      0.635101353014
     10504      0.635346367051
     10505      0.635420620885
     10506      0.635790001949
     10507      0.635867775503
     10508      0.636157239313
     10509      0.636528586242
     10510      0.636593563199
     10511      0.636885722792
     10512      0.637079029089
     10513      0.637222509999
     10514      0.637501353801
     10515      0.637622439999
     10516      0.637960013537
     10517      0.638305666139
     10518      0.638357794659
     10519      0.638508902924
     10520      0.638758370624
     10521      0.638986308076
     10522      0.639217964251
     10523      0.639328020537
     10524      0.639595021050
     10525      0.639945181075
     10526      0.640124457515
     10527      0.640339800120
     10528      0.640733336699
     10529      0.640833804133
     10530      0.641213435497
     10531      0.641376401746
     10532      0.641522556999
     10533      0.641848028897
     10534      0.641971038686
     10535      0.642311484874
     10536      0.642474980129
     10537      0.642572713631
     10538      0.642996780013
     10539      0.643104981097
     10540      0.643682821952
     10541      0.644014103421
     10542      0.644210645750
     10543      0.644666103950
     10544      0.645322191494
     10545      0.645491524873
     10546      0.645672015167
     10547      0.645914673546
     10548      0.646109884247
     10549      0.646337134070
     10550      0.646560323340
     10551      0.646798731357
     10552      0.647109099028
     10553      0.647185547038
     10554      0.647367314149
     10555      0.647638487404
     10556      0.647941583355
     10557      0.648074052064
     10558      0.648379352033
     10559      0.648439713171
     10560      0.648723473043
     10561      0.649546957093
     10562      0.649598133205
     10563      0.649957854353
     10564      0.650198925710
     10565      0.650429077997
     10566      0.650628168387
     10567      0.650852129236
     10568      0.651127688768
     10569      0.651427193227
     10570      0.651582304987
     10571      0.652004442867
     10572      0.652217249138
     10573      0.652418506492
     10574      0.652752730143
     10575      0.653184182862
     10576      0.653780841268
     10577      0.654184829746
     10578      0.654604398771
     10579      0.654789121383
     10580      0.654961874717
     10581      0.655582496607
     10582      0.655703035583
     10583      0.655951570060
     10584      0.656465977139
     10585      0.656573608817
     10586      0.657111230770
     10587      0.657433850156
     10588      0.657475790865
     10589      0.657818508377
     10590      0.658077164195
     10591      0.658437935474
     10592      0.658890585412
     10593      0.659361511040
     10594      0.659696695358
     10595      0.659833969948
     10596      0.659867484796
     10597      0.660105218255
     10598      0.660205827939
     10599      0.660832049214
     10600      0.661081040674
     10601      0.661442854512
     10602      0.661607030777
     10603      0.661865776384
     10604      0.662039930680
     10605      0.662357050388
     10606      0.662494824755
     10607      0.662858049379
     10608      0.663045008459
     10609      0.663261691399
     10610      0.664021675122
     10611      0.664484837555
     10612      0.665150181170
     10613      0.665723612194
     10614      0.666253090746
     10615      0.666631769504
     10616      0.666829676191
     10617      0.667143834065
     10618      0.667787455247
     10619      0.668282533394
     10620      0.668715803906
     10621      0.669388302918
     10622      0.669521186771
     10623      0.669809890207
     10624      0.669998435601
     10625      0.670892550509
     10626      0.671008235582
     10627      0.671275377028
     10628      0.671682172306
     10629      0.672223270121
     10630      0.672919903838
     10631      0.673315747843
     10632      0.673699031385
     10633      0.674427781278
     10634      0.675056632205
     10635      0.675366901112
     10636      0.675914337457
     10637      0.676344306899
     10638      0.676730178913
     10639      0.676951716069
     10640      0.677221900968
     10641      0.677458548357
     10642      0.678604520951
     10643      0.679373748180
     10644      0.679683003223
     10645      0.681060330042
     10646      0.681672579716
     10647      0.682456263366
     10648      0.683473210066
     10649      0.684295302845
     10650      0.684432128595
     10651      0.684545416646
     10652      0.685667243704
     10653      0.686257663103
     10654      0.687294011363
     10655      0.687552042348
     10656      0.688391130847
     10657      0.689005596694
     10658      0.689932531313
     10659      0.690106888922
     10660      0.691299062027
     10661      0.691383820783
     10662      0.693102707558
     10663      0.693714587557
     10664      0.695015236952
     10665      0.696397524617
     10666      0.697820393578
     10667      0.699177554656
     10668      0.699976379351
     10669      0.700511460685
     10670      0.703390598488
     10671      0.707045122417
     10672      0.707480726770
     10673      0.708527098221
     10674      0.710511829045
     10675      0.711176939825
     10676      0.711666016875
     10677      0.712916696341
     10678      0.714754541678
     10679      0.717358171633
     10680      0.721480955449
     10681      0.722874447040
     10682      0.723482841190
     10683      0.724919423264
     10684      0.728603220939
     10685      0.730080498527
     10686      0.730558518076
     10687      0.732492707180
     10688      0.733671754397
     10689      0.736157700491
     10690      0.742590651050
     10691      0.744658235410
     10692      0.748487522228
     10693      0.749582615115
     10694      0.750277677320
     10695      0.751683524055
     10696      0.752267450510
     10697      0.754345158247
     10698      0.755708929979
     10699      0.758156421085
     10700      0.765345033177
     10701      0.767492170906
     10702      0.767902453077
     10703      0.768560964237
     10704      0.771171415997
     10705      0.771780846395
     10706      0.776469964252
     10707      0.778613231349
     10708      0.781965465796
     10709      0.782437224196
     10710      0.782917472152
     10711      0.783939968343
     10712      0.785076056590
     10713      0.787058764053
     10714      0.787942620842
     10715      0.790579181472
     10716      0.792719708800
     10717      0.794989722643
     10718      0.795853232225
     10719      0.798359660054
     10720      0.801081428310
     10721      0.801624485156
     10722      0.802361499117
     10723      0.803847370263
     10724      0.804958905833
     10725      0.806616653042
     10726      0.809047658646
     10727      0.809464859249
     10728      0.810285234855
     10729      0.813121886067
     10730      0.818855745656
     10731      0.827426976563
     10732      0.831398073918
     10733      0.832428817965
     10734      0.835022505822
     10735      0.839002020077
     10736      0.842548600504
     10737      0.845734857846
     10738      0.851080424135
     10739      0.851611741601
     10740      0.858073130675
     10741      0.860280034490
     10742      0.862753447131
     10743      0.864777844244
     10744      0.866335254029
     10745      0.866622555834
     10746      0.872703604515
     10747      0.876188216880
     10748      0.878768858938
     10749      0.881761885861
     10750      0.885578375689
     10751      0.886291814827
     10752      0.888731985547
     10753      0.889887105130
     10754      0.894133074965
     10755      0.895419638249
     10756      0.897697668366
     10757      0.898233622335
     10758      0.902074093595
     10759      0.905156373000
     10760      0.906002570769
     10761      0.908152985405
     10762      0.911321267103
     10763      0.911675035197
     10764      0.913133640586
     10765      0.915421229108
     10766      0.917048508654
     10767      0.918648565126
     10768      0.922044293124
     10769      0.926377377168
     10770      0.929282452215
     10771      0.930853842976
     10772      0.931403524657
     10773      0.933534911386
     10774      0.935719729338
     10775      0.938055969626
     10776      0.939327383236
     10777      0.944673680094
     10778      0.945340246202
     10779      0.948337669129
     10780      0.950221094099
     10781      0.952006591750
     10782      0.952986083007
     10783      0.954495833651
     10784      0.955028224078
     10785      0.957935754176
     10786      0.961810585673
     10787      0.964498001152
     10788      0.965747661214
     10789      0.968543754881
     10790      0.968709333433
     10791      0.972677644714
     10792      0.974884847994
     10793      0.977022534205
     10794      0.978254693428
     10795      0.979841233955
     10796      0.981691191044
     10797      0.983178026740
     10798      0.984999076391
     10799      0.985382336742
     10800      0.990906981838
